Id,PersonId,AccountId,StartDate,EndDate,PledgeFrequency,TotalAmount
49,16609,81,6/30/2006 12:00:00 AM,6/30/2011 12:00:00 AM,Monthly,4500
50,16609,92,5/16/2010 12:00:00 AM,5/16/2015 12:00:00 AM,Monthly,3000
1169,27130,87,1/15/2017 12:00:00 AM,1/1/2018 12:00:00 AM,Monthly,9000
1065,16728,127,5/1/2016 12:00:00 AM,4/21/2019 12:00:00 AM,Weekly,3900
162,16732,81,5/7/2006 12:00:00 AM,5/1/2011 12:00:00 AM,Weekly,2600
163,16732,92,5/1/2010 12:00:00 AM,5/1/2015 12:00:00 AM,Monthly,3000
963,16742,118,11/15/2015 12:00:00 AM,11/1/2020 12:00:00 AM,OneTime,5000
164,16793,81,8/1/2006 12:00:00 AM,8/1/2011 12:00:00 AM,Monthly,7200
165,16793,88,12/5/2010 12:00:00 AM,6/5/2014 12:00:00 AM,Monthly,4399.92
920,16814,118,12/1/2015 12:00:00 AM,11/30/2017 12:00:00 AM,Monthly,3000
166,16852,81,4/30/2006 12:00:00 AM,4/29/2007 12:00:00 AM,Weekly,2080
1040,44,127,4/22/2016 12:00:00 AM,4/14/2019 12:00:00 AM,Weekly,2340
167,16973,81,1/1/2008 12:00:00 AM,12/25/2012 12:00:00 AM,Weekly,6500
791,16990,118,1/1/2016 12:00:00 AM,12/20/2020 12:00:00 AM,Weekly,2600
168,17045,81,5/2/2006 12:00:00 AM,5/2/2011 12:00:00 AM,Monthly,2400
51,17096,81,5/1/2006 12:00:00 AM,5/1/2011 12:00:00 AM,Monthly,3000
905,17150,118,12/6/2015 12:00:00 AM,11/29/2020 12:00:00 AM,Monthly,4450
169,17179,81,4/30/2006 12:00:00 AM,4/30/2011 12:00:00 AM,Monthly,1200
1047,17249,127,6/1/2016 12:00:00 AM,5/26/2019 12:00:00 AM,Monthly,3600
1151,17299,127,5/8/2016 12:00:00 AM,4/28/2019 12:00:00 AM,Weekly,2340
859,17308,118,1/1/2016 12:00:00 AM,12/31/2020 12:00:00 AM,Monthly,9000
1110,17377,127,10/1/2016 12:00:00 AM,6/30/2019 12:00:00 AM,Monthly,4950
170,17380,81,6/4/2006 12:00:00 AM,5/29/2011 12:00:00 AM,Weekly,2600
171,17436,81,5/1/2006 12:00:00 AM,5/1/2011 12:00:00 AM,Monthly,1200
868,17453,118,11/15/2015 12:00:00 AM,11/1/2020 12:00:00 AM,Monthly,3000
172,17482,81,11/25/2007 12:00:00 AM,11/25/2012 12:00:00 AM,Monthly,3600
173,17482,92,5/1/2010 12:00:00 AM,5/1/2015 12:00:00 AM,Monthly,14280
174,17512,2,5/1/2010 12:00:00 AM,5/1/2015 12:00:00 AM,Monthly,65000
175,17542,81,4/30/2006 12:00:00 AM,4/30/2006 12:00:00 AM,OneTime,50
176,17603,81,6/30/2006 12:00:00 AM,6/30/2011 12:00:00 AM,Monthly,12000
177,17603,92,5/16/2010 12:00:00 AM,5/16/2015 12:00:00 AM,Yearly,12500
178,17644,81,4/30/2006 12:00:00 AM,4/24/2011 12:00:00 AM,Weekly,2600
179,17657,81,4/30/2006 12:00:00 AM,4/30/2006 12:00:00 AM,OneTime,3000
951,17679,118,11/15/2015 12:00:00 AM,8/14/2016 12:00:00 AM,Monthly,270
210,127,81,5/21/2006 12:00:00 AM,5/15/2011 12:00:00 AM,Weekly,1300
209,127,92,5/5/2010 12:00:00 AM,5/5/2010 12:00:00 AM,OneTime,1
829,20658,118,12/1/2015 12:00:00 AM,11/29/2020 12:00:00 AM,Monthly,9000
180,17734,81,4/30/2006 12:00:00 AM,4/24/2011 12:00:00 AM,Weekly,15600
809,17753,118,11/15/2015 12:00:00 AM,11/1/2020 12:00:00 AM,Weekly,13000
181,17837,81,5/1/2006 12:00:00 AM,5/1/2011 12:00:00 AM,Monthly,3000
903,17839,118,1/1/2016 12:00:00 AM,12/31/2020 12:00:00 AM,Monthly,15000
799,17864,118,11/15/2015 12:00:00 AM,11/1/2020 12:00:00 AM,Weekly,6500
52,17912,81,5/1/2006 12:00:00 AM,5/1/2011 12:00:00 AM,Monthly,6000
53,17912,92,5/1/2010 12:00:00 AM,5/1/2015 12:00:00 AM,Monthly,6000
9,17922,2,5/1/2010 12:00:00 AM,2/1/2014 12:00:00 AM,Monthly,6750
8,17922,81,4/30/2006 12:00:00 AM,4/30/2011 12:00:00 AM,Monthly,6000
921,17922,118,11/15/2015 12:00:00 AM,11/1/2020 12:00:00 AM,OneTime,18100
800,17973,118,1/1/2016 12:00:00 AM,12/20/2020 12:00:00 AM,Weekly,6500
922,18009,118,11/15/2015 12:00:00 AM,11/1/2020 12:00:00 AM,OneTime,2500
947,18097,118,1/1/2016 12:00:00 AM,12/31/2020 12:00:00 AM,Yearly,2000
183,18105,2,5/1/2010 12:00:00 AM,5/1/2015 12:00:00 AM,Monthly,36000
182,18105,81,5/1/2006 12:00:00 AM,5/1/2011 12:00:00 AM,Monthly,44500
776,18105,118,1/1/2016 12:00:00 AM,12/31/2020 12:00:00 AM,Monthly,55350
184,18184,81,8/20/2006 12:00:00 AM,8/14/2011 12:00:00 AM,Weekly,1300
932,18241,118,11/15/2015 12:00:00 AM,11/1/2020 12:00:00 AM,Yearly,100000
804,18258,118,1/1/2016 12:00:00 AM,12/20/2020 12:00:00 AM,Weekly,6900
185,18294,81,12/1/2007 12:00:00 AM,12/1/2012 12:00:00 AM,Monthly,3000
186,18294,88,5/1/2010 12:00:00 AM,5/1/2015 12:00:00 AM,Monthly,12000
187,18361,81,5/1/2006 12:00:00 AM,5/1/2011 12:00:00 AM,Monthly,1500
787,18384,118,11/15/2015 12:00:00 AM,11/1/2020 12:00:00 AM,Weekly,2600
188,18397,2,5/23/2010 12:00:00 AM,5/23/2015 12:00:00 AM,Monthly,3000
919,18409,118,11/15/2015 12:00:00 AM,11/1/2020 12:00:00 AM,OneTime,500
211,211,81,4/30/2006 12:00:00 AM,4/30/2011 12:00:00 AM,Monthly,10500
212,211,89,5/1/2010 12:00:00 AM,5/1/2015 12:00:00 AM,Monthly,39000
855,18448,118,12/1/2015 12:00:00 AM,11/30/2020 12:00:00 AM,Monthly,2400
1010,18457,118,1/1/2016 12:00:00 AM,12/31/2020 12:00:00 AM,OneTime,2400
189,18478,89,2/28/2012 12:00:00 AM,2/28/2012 12:00:00 AM,OneTime,1
937,18511,118,11/15/2015 12:00:00 AM,11/1/2020 12:00:00 AM,Yearly,25000
190,18526,2,5/10/2010 12:00:00 AM,5/10/2010 12:00:00 AM,OneTime,1800
191,18526,81,5/7/2006 12:00:00 AM,5/1/2011 12:00:00 AM,Weekly,2600
192,18541,81,5/1/2006 12:00:00 AM,5/1/2006 12:00:00 AM,OneTime,10000
1094,18556,127,5/1/2016 12:00:00 AM,4/21/2019 12:00:00 AM,Weekly,1560
193,18573,81,4/1/2008 12:00:00 AM,4/1/2013 12:00:00 AM,Monthly,6000
1121,18581,127,5/1/2016 12:00:00 AM,4/21/2019 12:00:00 AM,Monthly,3600
194,18647,81,7/1/2006 12:00:00 AM,7/1/2008 12:00:00 AM,Yearly,100000
915,18647,118,11/15/2015 12:00:00 AM,11/1/2020 12:00:00 AM,OneTime,100000
195,18663,81,12/5/2007 12:00:00 AM,12/5/2007 12:00:00 AM,OneTime,500
196,18663,92,5/1/2010 12:00:00 AM,5/1/2015 12:00:00 AM,Monthly,7800
1117,247,127,8/1/2016 12:00:00 AM,7/30/2019 12:00:00 AM,Monthly,2340
784,18680,118,1/3/2016 12:00:00 AM,12/20/2020 12:00:00 AM,Weekly,2600
851,18699,118,11/15/2015 12:00:00 AM,11/1/2020 12:00:00 AM,Monthly,13200
841,252,118,11/15/2015 12:00:00 AM,11/1/2020 12:00:00 AM,Monthly,6000
1058,18788,127,4/3/2016 12:00:00 AM,4/28/2019 12:00:00 AM,OneTime,20000
1090,18790,127,5/1/2016 12:00:00 AM,4/21/2019 12:00:00 AM,Monthly,1800
213,266,81,5/7/2006 12:00:00 AM,5/7/2007 12:00:00 AM,Monthly,240
197,18841,81,11/25/2007 12:00:00 AM,11/25/2012 12:00:00 AM,Monthly,3000
198,18841,92,5/1/2010 12:00:00 AM,5/1/2015 12:00:00 AM,Monthly,3000
1037,295,127,5/1/2016 12:00:00 AM,4/30/2019 12:00:00 AM,OneTime,30000
1020,18929,118,1/1/2016 12:00:00 AM,12/31/2020 12:00:00 AM,OneTime,15000
1082,18964,127,5/1/2016 12:00:00 AM,4/21/2019 12:00:00 AM,Monthly,720
199,18983,81,5/1/2006 12:00:00 AM,5/1/2011 12:00:00 AM,Monthly,12000
200,18983,92,5/1/2010 12:00:00 AM,5/1/2015 12:00:00 AM,Monthly,25000.2
749,19004,92,5/24/2010 12:00:00 AM,5/24/2015 12:00:00 AM,Monthly,2400
202,19023,2,5/1/2010 12:00:00 AM,5/1/2015 12:00:00 AM,Monthly,13000
201,19023,81,5/1/2006 12:00:00 AM,5/1/2008 12:00:00 AM,Monthly,2400
54,19052,81,9/1/2006 12:00:00 AM,8/26/2011 12:00:00 AM,Weekly,3900
862,19118,118,11/15/2015 12:00:00 AM,11/1/2020 12:00:00 AM,Monthly,1500
203,19171,81,5/14/2006 12:00:00 AM,5/14/2011 12:00:00 AM,Monthly,2400
489,19174,2,5/16/2010 12:00:00 AM,5/10/2015 12:00:00 AM,Weekly,2600
204,19248,81,4/30/2006 12:00:00 AM,4/30/2006 12:00:00 AM,OneTime,380
205,19283,81,6/1/2006 12:00:00 AM,6/1/2011 12:00:00 AM,Monthly,3000
206,19319,81,4/30/2006 12:00:00 AM,4/24/2011 12:00:00 AM,Weekly,2600
1100,19378,127,6/1/2016 12:00:00 AM,5/26/2019 12:00:00 AM,Monthly,1080
55,19389,81,11/25/2007 12:00:00 AM,5/23/2010 12:00:00 AM,Weekly,1950
866,19422,118,12/1/2015 12:00:00 AM,11/30/2020 12:00:00 AM,Monthly,1500
207,19443,81,4/30/2006 12:00:00 AM,4/30/2011 12:00:00 AM,Monthly,3000
863,358,118,11/15/2015 12:00:00 AM,11/1/2020 12:00:00 AM,Monthly,6000
1154,19610,127,5/8/2016 12:00:00 AM,4/28/2019 12:00:00 AM,BiWeekly,2340
208,19691,81,4/30/2006 12:00:00 AM,4/30/2006 12:00:00 AM,OneTime,400
843,21447,118,12/1/2015 12:00:00 AM,11/30/2020 12:00:00 AM,Monthly,6000
1048,19822,127,5/1/2016 12:00:00 AM,4/28/2019 12:00:00 AM,Monthly,2800
1028,19855,91,10/28/2015 12:00:00 AM,10/28/2016 12:00:00 AM,Monthly,3600
1027,19855,108,10/28/2015 12:00:00 AM,10/28/2016 12:00:00 AM,Monthly,1800
1124,19856,127,5/1/2016 12:00:00 AM,4/28/2019 12:00:00 AM,OneTime,3000
844,19861,118,11/15/2015 12:00:00 AM,11/1/2020 12:00:00 AM,Monthly,3900
822,419,118,11/15/2015 12:00:00 AM,11/1/2020 12:00:00 AM,Monthly,15000
837,19905,118,12/1/2015 12:00:00 AM,11/30/2020 12:00:00 AM,Monthly,1800
406,19935,2,5/1/2010 12:00:00 AM,5/1/2014 12:00:00 AM,Monthly,6000
407,19935,81,1/1/2009 12:00:00 AM,1/1/2014 12:00:00 AM,Monthly,9500
793,20051,118,11/22/2015 12:00:00 AM,11/8/2020 12:00:00 AM,Weekly,3900
1070,1584,127,5/1/2016 12:00:00 AM,4/28/2019 12:00:00 AM,OneTime,4800
972,20177,118,12/1/2015 12:00:00 AM,11/30/2016 12:00:00 AM,Monthly,480
832,20190,118,11/15/2015 12:00:00 AM,11/1/2020 12:00:00 AM,Monthly,3000
781,20192,118,11/15/2015 12:00:00 AM,11/15/2020 12:00:00 AM,Weekly,2620
914,20223,118,11/15/2015 12:00:00 AM,11/1/2020 12:00:00 AM,OneTime,500
1013,20233,118,1/1/2016 12:00:00 AM,12/31/2020 12:00:00 AM,OneTime,10000
468,20268,81,12/5/2007 12:00:00 AM,12/5/2007 12:00:00 AM,OneTime,25
640,20324,92,5/9/2010 12:00:00 AM,5/9/2010 12:00:00 AM,OneTime,100
281,20343,2,2/28/2012 12:00:00 AM,2/28/2012 12:00:00 AM,OneTime,1
838,20352,118,11/15/2015 12:00:00 AM,11/1/2020 12:00:00 AM,Monthly,1200
983,20358,118,11/15/2015 12:00:00 AM,11/1/2020 12:00:00 AM,Monthly,1200
880,504,118,12/1/2015 12:00:00 AM,11/30/2020 12:00:00 AM,Monthly,1200
1136,20384,127,5/1/2016 12:00:00 AM,4/28/2019 12:00:00 AM,Monthly,1800
887,20410,118,11/15/2015 12:00:00 AM,11/1/2020 12:00:00 AM,Monthly,6000
1069,20415,127,5/6/2016 12:00:00 AM,4/28/2019 12:00:00 AM,Weekly,1560
758,15578,118,10/15/2015 12:00:00 AM,9/15/2020 12:00:00 AM,Monthly,7080
1098,20449,127,5/1/2016 12:00:00 AM,4/21/2019 12:00:00 AM,Weekly,8800
839,20524,118,12/1/2015 12:00:00 AM,11/30/2020 12:00:00 AM,Monthly,6000
1000,20561,118,1/1/2016 12:00:00 AM,12/31/2020 12:00:00 AM,Monthly,6000
1145,20564,127,5/1/2016 12:00:00 AM,4/28/2019 12:00:00 AM,Monthly,3600
1123,21755,127,5/1/2016 12:00:00 AM,4/28/2019 12:00:00 AM,Monthly,9000
981,20599,118,1/1/2016 12:00:00 AM,12/31/2020 12:00:00 AM,OneTime,350
942,20689,118,11/15/2015 12:00:00 AM,11/1/2020 12:00:00 AM,Yearly,5000
943,20713,118,11/15/2015 12:00:00 AM,11/1/2020 12:00:00 AM,OneTime,50
1030,20733,118,1/1/2016 12:00:00 AM,12/31/2018 12:00:00 AM,Monthly,7200
1144,558,127,5/1/2016 12:00:00 AM,4/28/2019 12:00:00 AM,OneTime,4000
989,20793,118,12/6/2015 12:00:00 AM,12/1/2020 12:00:00 AM,Monthly,1200
949,22686,118,11/15/2015 12:00:00 AM,9/11/2016 12:00:00 AM,Monthly,1000
836,20964,118,11/15/2015 12:00:00 AM,11/1/2020 12:00:00 AM,Monthly,3000
1160,20992,91,7/29/2016 12:00:00 AM,7/29/2016 12:00:00 AM,OneTime,300
1026,20995,118,1/1/2016 12:00:00 AM,12/31/2020 12:00:00 AM,Monthly,3000
886,585,118,12/1/2015 12:00:00 AM,11/30/2020 12:00:00 AM,Monthly,6000
996,21025,118,12/1/2015 12:00:00 AM,11/22/2020 12:00:00 AM,Weekly,5200
1061,21480,127,4/17/2016 12:00:00 AM,4/28/2019 12:00:00 AM,Monthly,2160
840,21075,118,1/5/2016 12:00:00 AM,12/31/2020 12:00:00 AM,Monthly,3000
1023,21752,118,11/15/2015 12:00:00 AM,11/29/2020 12:00:00 AM,Monthly,1200
933,21201,118,3/1/2016 12:00:00 AM,3/1/2021 12:00:00 AM,Yearly,1500
524,21345,2,5/1/2010 12:00:00 AM,5/1/2015 12:00:00 AM,Monthly,1200
1106,21346,127,5/1/2016 12:00:00 AM,4/28/2019 12:00:00 AM,Monthly,360
902,21406,118,11/15/2015 12:00:00 AM,11/1/2020 12:00:00 AM,Monthly,15000
214,619,81,4/30/2006 12:00:00 AM,4/30/2006 12:00:00 AM,OneTime,200
916,21489,118,12/1/2015 12:00:00 AM,11/30/2017 12:00:00 AM,Monthly,1200
1114,21572,127,5/1/2016 12:00:00 AM,4/28/2019 12:00:00 AM,Monthly,5600
1025,21634,118,1/1/2016 12:00:00 AM,12/31/2020 12:00:00 AM,Monthly,10000
835,21638,118,12/1/2015 12:00:00 AM,11/29/2020 12:00:00 AM,Monthly,3000
786,21639,118,11/22/2015 12:00:00 AM,11/8/2020 12:00:00 AM,Weekly,2600
941,21673,118,11/15/2015 12:00:00 AM,11/1/2020 12:00:00 AM,OneTime,200
1147,21708,127,6/1/2016 12:00:00 AM,5/31/2019 12:00:00 AM,Monthly,1800
794,21958,118,11/15/2015 12:00:00 AM,11/1/2020 12:00:00 AM,Weekly,5200
264,2922,81,9/1/2006 12:00:00 AM,9/1/2008 12:00:00 AM,Monthly,1920
265,2922,92,5/1/2010 12:00:00 AM,5/1/2015 12:00:00 AM,Monthly,6000
241,21987,81,4/30/2006 12:00:00 AM,4/24/2011 12:00:00 AM,Weekly,2600
995,21987,118,11/15/2015 12:00:00 AM,11/1/2020 12:00:00 AM,Weekly,5200
789,696,118,11/15/2015 12:00:00 AM,11/1/2020 12:00:00 AM,Weekly,2600
976,22018,118,1/1/2016 12:00:00 AM,12/31/2018 12:00:00 AM,OneTime,500
847,22088,118,11/15/2015 12:00:00 AM,11/1/2020 12:00:00 AM,Monthly,11000
1156,22154,127,5/15/2016 12:00:00 AM,5/5/2019 12:00:00 AM,Weekly,6240
850,22179,118,11/15/2015 12:00:00 AM,11/1/2020 12:00:00 AM,Monthly,3000
1143,731,127,4/1/2016 12:00:00 AM,3/31/2019 12:00:00 AM,Monthly,7200
991,22350,118,1/1/2016 12:00:00 AM,12/31/2020 12:00:00 AM,Monthly,18000
1158,22405,127,5/15/2016 12:00:00 AM,5/5/2019 12:00:00 AM,Monthly,1800
939,22424,118,11/15/2015 12:00:00 AM,11/1/2020 12:00:00 AM,OneTime,100000
1036,752,127,5/1/2016 12:00:00 AM,4/30/2019 12:00:00 AM,OneTime,12000
1042,22453,127,5/1/2016 12:00:00 AM,4/28/2019 12:00:00 AM,Monthly,5988
813,22472,118,11/15/2015 12:00:00 AM,11/1/2020 12:00:00 AM,Monthly,3000
828,22538,118,11/15/2015 12:00:00 AM,11/1/2020 12:00:00 AM,Monthly,6000
950,22544,118,11/15/2015 12:00:00 AM,11/1/2020 12:00:00 AM,OneTime,500
830,23365,118,12/1/2015 12:00:00 AM,11/30/2020 12:00:00 AM,Monthly,12000
845,22596,118,1/1/2016 12:00:00 AM,12/31/2020 12:00:00 AM,Monthly,3000
966,22609,118,1/1/2016 12:00:00 AM,12/31/2017 12:00:00 AM,Monthly,720
969,22613,118,12/1/2015 12:00:00 AM,11/26/2017 12:00:00 AM,Weekly,2600
1172,22621,91,3/1/2017 12:00:00 AM,5/1/2017 12:00:00 AM,Monthly,200
872,22626,118,1/1/2016 12:00:00 AM,12/31/2020 12:00:00 AM,Monthly,3000
992,24717,118,11/15/2015 12:00:00 AM,11/1/2020 12:00:00 AM,Monthly,10500
566,22665,81,4/30/2006 12:00:00 AM,4/30/2011 12:00:00 AM,Monthly,2400
567,22665,92,6/1/2010 12:00:00 AM,6/1/2015 12:00:00 AM,Monthly,6000
1126,22667,127,5/1/2016 12:00:00 AM,4/28/2019 12:00:00 AM,Monthly,1440
1165,22669,91,12/20/2016 12:00:00 AM,12/20/2016 12:00:00 AM,Monthly,300
952,22669,118,12/3/2015 12:00:00 AM,11/30/2017 12:00:00 AM,Monthly,1800
891,22687,118,12/1/2015 12:00:00 AM,11/30/2020 12:00:00 AM,Monthly,600
864,22712,118,12/1/2015 12:00:00 AM,11/30/2020 12:00:00 AM,Monthly,3000
960,22775,118,11/15/2015 12:00:00 AM,11/11/2018 12:00:00 AM,Yearly,12000
1071,22792,127,5/1/2016 12:00:00 AM,4/28/2019 12:00:00 AM,OneTime,10000
1083,22798,127,5/1/2016 12:00:00 AM,4/21/2019 12:00:00 AM,Monthly,3550
215,794,81,5/7/2006 12:00:00 AM,5/1/2011 12:00:00 AM,Weekly,1300
913,22897,118,11/15/2015 12:00:00 AM,11/8/2016 12:00:00 AM,Weekly,520
1085,22939,127,5/1/2016 12:00:00 AM,4/21/2019 12:00:00 AM,Weekly,780
216,810,81,4/30/2006 12:00:00 AM,4/30/2011 12:00:00 AM,Monthly,3000
217,810,92,5/10/2010 12:00:00 AM,5/10/2015 12:00:00 AM,Monthly,1500
807,23070,118,11/22/2015 12:00:00 AM,11/8/2020 12:00:00 AM,Weekly,13000
846,25040,118,12/1/2015 12:00:00 AM,11/30/2020 12:00:00 AM,Monthly,3000
877,23126,118,11/15/2015 12:00:00 AM,11/1/2020 12:00:00 AM,Monthly,1500
1024,23397,118,12/1/2015 12:00:00 AM,11/30/2020 12:00:00 AM,Monthly,1500
852,23413,118,11/15/2015 12:00:00 AM,11/1/2020 12:00:00 AM,Monthly,3000
783,23419,118,11/15/2015 12:00:00 AM,11/1/2020 12:00:00 AM,Weekly,2600
853,23462,118,12/1/2015 12:00:00 AM,11/30/2020 12:00:00 AM,Monthly,1200
657,23538,90,5/9/2010 12:00:00 AM,5/3/2015 12:00:00 AM,Weekly,6525
854,23607,118,12/1/2015 12:00:00 AM,11/30/2020 12:00:00 AM,Monthly,3000
1084,23728,127,5/1/2016 12:00:00 AM,4/21/2019 12:00:00 AM,Monthly,1800
56,903,81,8/1/2006 12:00:00 AM,8/1/2011 12:00:00 AM,Monthly,6000
1086,23808,127,5/1/2016 12:00:00 AM,4/21/2019 12:00:00 AM,Monthly,3600
954,23995,118,11/15/2015 12:00:00 AM,11/1/2020 12:00:00 AM,OneTime,200
1139,24062,127,5/1/2016 12:00:00 AM,2/10/2019 12:00:00 AM,Monthly,1485
1097,24069,127,5/8/2016 12:00:00 AM,4/28/2019 12:00:00 AM,Weekly,1560
897,24124,118,11/15/2015 12:00:00 AM,11/1/2020 12:00:00 AM,Monthly,4500
946,24154,118,1/1/2016 12:00:00 AM,12/31/2016 12:00:00 AM,Monthly,1200
1105,24176,127,5/1/2016 12:00:00 AM,4/28/2019 12:00:00 AM,Monthly,3600
356,24202,2,5/30/2010 12:00:00 AM,5/24/2015 12:00:00 AM,Weekly,6500
824,974,118,12/1/2015 12:00:00 AM,11/30/2020 12:00:00 AM,Monthly,6000
997,24219,118,11/29/2015 12:00:00 AM,11/29/2020 12:00:00 AM,Monthly,1800
998,24230,118,1/1/2016 12:00:00 AM,12/31/2020 12:00:00 AM,Monthly,6000
904,24266,118,11/15/2015 12:00:00 AM,11/1/2020 12:00:00 AM,Monthly,3000
798,24321,118,1/1/2016 12:00:00 AM,12/20/2020 12:00:00 AM,Weekly,6500
827,24333,118,11/15/2015 12:00:00 AM,11/1/2020 12:00:00 AM,Monthly,4500
1132,989,127,5/1/2016 12:00:00 AM,4/21/2019 12:00:00 AM,OneTime,20000
871,24473,118,11/15/2015 12:00:00 AM,11/1/2020 12:00:00 AM,Monthly,1800
987,21262,118,11/20/2015 12:00:00 AM,11/30/2020 12:00:00 AM,Monthly,2400
911,24619,118,11/15/2015 12:00:00 AM,11/1/2020 12:00:00 AM,OneTime,1040
218,1020,81,5/1/2006 12:00:00 AM,5/1/2011 12:00:00 AM,Monthly,900
219,1020,92,5/1/2010 12:00:00 AM,5/1/2015 12:00:00 AM,Monthly,8520
1007,24629,118,11/15/2015 12:00:00 AM,11/1/2020 12:00:00 AM,OneTime,500
978,24631,118,1/1/2016 12:00:00 AM,12/31/2020 12:00:00 AM,Yearly,500000
979,24632,118,1/1/2016 12:00:00 AM,12/31/2020 12:00:00 AM,Yearly,1000
986,24636,118,1/1/2016 12:00:00 AM,12/31/2020 12:00:00 AM,Monthly,6000
990,24638,118,12/1/2015 12:00:00 AM,11/30/2020 12:00:00 AM,Monthly,6000
993,24640,118,11/22/2015 12:00:00 AM,11/30/2020 12:00:00 AM,Monthly,9000
1002,24642,118,1/1/2016 12:00:00 AM,12/20/2020 12:00:00 AM,Weekly,2600
1003,24643,118,11/15/2015 12:00:00 AM,11/1/2020 12:00:00 AM,Weekly,2600
1004,24644,118,1/1/2016 12:00:00 AM,12/31/2016 12:00:00 AM,Monthly,1800
1005,24645,118,1/1/2016 12:00:00 AM,10/31/2016 12:00:00 AM,Monthly,2000
1006,24711,118,11/1/2015 12:00:00 AM,10/31/2020 12:00:00 AM,Monthly,1500
945,24714,118,12/1/2015 12:00:00 AM,11/30/2016 12:00:00 AM,Monthly,600
1078,24745,127,5/1/2016 12:00:00 AM,4/21/2019 12:00:00 AM,Weekly,6240
1108,24783,127,5/1/2016 12:00:00 AM,4/28/2019 12:00:00 AM,Monthly,1440
1034,24794,118,12/6/2015 12:00:00 AM,11/30/2020 12:00:00 AM,Monthly,1200
985,24889,118,1/1/2016 12:00:00 AM,12/31/2020 12:00:00 AM,Monthly,6000
1166,24896,91,12/10/2016 12:00:00 AM,5/13/2017 12:00:00 AM,Weekly,440
1111,24988,127,5/1/2016 12:00:00 AM,4/28/2019 12:00:00 AM,Monthly,900
1140,24992,127,6/1/2016 12:00:00 AM,5/26/2019 12:00:00 AM,Monthly,3600
1096,21297,127,5/1/2016 12:00:00 AM,4/21/2019 12:00:00 AM,Monthly,2700
1080,25138,127,5/1/2016 12:00:00 AM,4/21/2019 12:00:00 AM,Weekly,1560
1102,25157,127,7/1/2016 12:00:00 AM,6/23/2019 12:00:00 AM,Weekly,1560
928,1062,118,11/15/2015 12:00:00 AM,6/14/2020 12:00:00 AM,BiWeekly,6000
1076,25295,127,5/1/2016 12:00:00 AM,4/21/2019 12:00:00 AM,Weekly,7800
1135,25409,127,5/1/2016 12:00:00 AM,7/31/2016 12:00:00 AM,OneTime,600
1081,25411,127,5/1/2016 12:00:00 AM,4/21/2019 12:00:00 AM,Yearly,3000
1146,25503,127,5/1/2016 12:00:00 AM,4/28/2019 12:00:00 AM,Yearly,3000
876,1116,118,12/1/2015 12:00:00 AM,11/30/2020 12:00:00 AM,Monthly,1200
220,1131,81,5/6/2006 12:00:00 AM,5/6/2011 12:00:00 AM,Monthly,3000
1033,25705,118,1/18/2016 12:00:00 AM,1/17/2021 12:00:00 AM,Monthly,3000
1001,25707,118,11/15/2015 12:00:00 AM,11/1/2020 12:00:00 AM,Weekly,1300
811,1162,118,1/1/2016 12:00:00 AM,12/31/2020 12:00:00 AM,Monthly,13000.2
958,1195,118,11/15/2015 12:00:00 AM,11/1/2020 12:00:00 AM,Yearly,12000
1115,9830,127,5/13/2016 12:00:00 AM,5/5/2019 12:00:00 AM,BiWeekly,780
33,1200,88,5/9/2010 12:00:00 AM,5/9/2010 12:00:00 AM,OneTime,100
1089,26164,127,5/1/2016 12:00:00 AM,4/21/2019 12:00:00 AM,OneTime,750
1141,26182,127,5/1/2016 12:00:00 AM,4/21/2019 12:00:00 AM,Weekly,3120
924,1220,118,11/15/2015 12:00:00 AM,11/1/2020 12:00:00 AM,Monthly,8000
221,1263,81,4/1/2006 12:00:00 AM,4/1/2006 12:00:00 AM,OneTime,50
222,1288,81,12/1/2007 12:00:00 AM,12/1/2012 12:00:00 AM,Monthly,1200
895,1295,118,12/1/2015 12:00:00 AM,11/30/2020 12:00:00 AM,Monthly,2400
223,1300,81,5/1/2006 12:00:00 AM,5/1/2011 12:00:00 AM,Monthly,300
1130,1338,127,5/1/2016 12:00:00 AM,4/21/2019 12:00:00 AM,Monthly,3600
736,2371,2,1/12/2012 12:00:00 AM,1/12/2012 12:00:00 AM,OneTime,1
885,2371,118,12/1/2015 12:00:00 AM,11/30/2020 12:00:00 AM,Monthly,3000
224,1370,81,5/7/2006 12:00:00 AM,5/7/2011 12:00:00 AM,Monthly,600
750,1376,89,5/1/2010 12:00:00 AM,4/25/2015 12:00:00 AM,Weekly,5200
363,4347,2,5/1/2010 12:00:00 AM,5/1/2015 12:00:00 AM,Monthly,1200
362,4347,81,11/25/2007 12:00:00 AM,11/25/2012 12:00:00 AM,Monthly,1200
1093,22432,127,5/1/2016 12:00:00 AM,4/21/2019 12:00:00 AM,Monthly,720
1116,8335,127,5/1/2016 12:00:00 AM,4/28/2019 12:00:00 AM,OneTime,1560
671,1509,92,5/1/2010 12:00:00 AM,5/1/2010 12:00:00 AM,OneTime,1
225,1575,81,4/30/2006 12:00:00 AM,4/30/2006 12:00:00 AM,OneTime,20
226,1619,81,12/2/2007 12:00:00 AM,12/2/2012 12:00:00 AM,Monthly,3000
1133,1718,127,5/1/2016 12:00:00 AM,4/21/2019 12:00:00 AM,Monthly,180
1054,1721,127,5/1/2016 12:00:00 AM,4/28/2019 12:00:00 AM,Yearly,9000
227,1769,81,9/3/2006 12:00:00 AM,8/28/2011 12:00:00 AM,Weekly,2600
984,1846,118,1/1/2016 12:00:00 AM,12/31/2020 12:00:00 AM,Monthly,12000
1127,1849,127,5/1/2016 12:00:00 AM,4/21/2019 12:00:00 AM,Weekly,12360
592,1853,92,5/9/2010 12:00:00 AM,5/5/2013 12:00:00 AM,Weekly,1560
948,1936,118,11/15/2015 12:00:00 AM,11/1/2020 12:00:00 AM,OneTime,2000
228,1948,88,1/12/2012 12:00:00 AM,1/12/2012 12:00:00 AM,OneTime,1
703,12277,88,2/28/2012 12:00:00 AM,2/28/2012 12:00:00 AM,OneTime,1
1009,1988,118,1/1/2016 12:00:00 AM,12/31/2020 12:00:00 AM,OneTime,30000
1095,2002,127,5/1/2016 12:00:00 AM,4/21/2019 12:00:00 AM,Monthly,1080
888,2040,118,12/1/2015 12:00:00 AM,11/30/2020 12:00:00 AM,Monthly,6000
792,2041,118,11/22/2015 12:00:00 AM,11/8/2020 12:00:00 AM,Weekly,3900
975,2053,118,12/6/2015 12:00:00 AM,12/31/2016 12:00:00 AM,Weekly,4480
860,2058,118,11/15/2015 12:00:00 AM,11/1/2020 12:00:00 AM,Monthly,600
825,24346,118,1/1/2016 12:00:00 AM,12/31/2020 12:00:00 AM,Monthly,4800
57,2074,81,6/1/2006 12:00:00 AM,6/1/2011 12:00:00 AM,Monthly,3000
230,2086,81,6/4/2006 12:00:00 AM,6/4/2011 12:00:00 AM,Monthly,3000
229,2086,92,7/1/2010 12:00:00 AM,7/1/2015 12:00:00 AM,Monthly,3000
767,2097,118,1/1/2016 12:00:00 AM,12/31/2020 12:00:00 AM,Monthly,30000
1149,2163,127,5/1/2016 12:00:00 AM,4/28/2019 12:00:00 AM,Monthly,5400
231,2191,81,4/30/2006 12:00:00 AM,4/24/2011 12:00:00 AM,Weekly,5200
1125,2191,127,5/1/2016 12:00:00 AM,4/28/2019 12:00:00 AM,Monthly,7200
58,2256,81,12/1/2007 12:00:00 AM,12/1/2012 12:00:00 AM,Monthly,5550
59,2256,92,5/1/2010 12:00:00 AM,5/1/2014 12:00:00 AM,Monthly,2400
1056,2256,127,5/1/2016 12:00:00 AM,4/28/2019 12:00:00 AM,Monthly,1800
1021,2369,118,1/1/2016 12:00:00 AM,12/31/2020 12:00:00 AM,Monthly,4500
232,2403,81,11/18/2007 12:00:00 AM,11/18/2012 12:00:00 AM,Monthly,6000
233,2418,81,5/7/2006 12:00:00 AM,5/1/2011 12:00:00 AM,Weekly,2600
234,2455,81,4/30/2006 12:00:00 AM,4/30/2006 12:00:00 AM,OneTime,25
769,2455,118,12/1/2015 12:00:00 AM,11/30/2020 12:00:00 AM,Monthly,3300
962,2571,118,1/1/2016 12:00:00 AM,12/31/2020 12:00:00 AM,Yearly,37500
60,2581,81,5/1/2006 12:00:00 AM,5/1/2011 12:00:00 AM,Monthly,9000
61,2581,90,5/1/2010 12:00:00 AM,5/1/2015 12:00:00 AM,Monthly,9600
867,2608,118,11/15/2015 12:00:00 AM,11/1/2020 12:00:00 AM,Monthly,6000
236,2703,2,5/1/2010 12:00:00 AM,5/1/2015 12:00:00 AM,Yearly,10000
237,2731,81,5/6/2006 12:00:00 AM,5/6/2011 12:00:00 AM,Monthly,1800
238,2731,81,5/6/2006 12:00:00 AM,5/6/2011 12:00:00 AM,Monthly,1800
239,2735,81,4/30/2006 12:00:00 AM,4/30/2011 12:00:00 AM,Monthly,10500
240,2737,81,5/14/2006 12:00:00 AM,5/8/2011 12:00:00 AM,Weekly,7800
242,2740,81,5/1/2006 12:00:00 AM,5/1/2011 12:00:00 AM,Monthly,1500
243,2747,81,4/30/2006 12:00:00 AM,4/30/2006 12:00:00 AM,OneTime,50
245,2748,2,5/30/2010 12:00:00 AM,5/24/2015 12:00:00 AM,Weekly,5200
244,2748,81,5/1/2006 12:00:00 AM,4/25/2011 12:00:00 AM,Weekly,3900
246,2750,81,4/30/2006 12:00:00 AM,4/24/2011 12:00:00 AM,Weekly,1300
247,2751,81,5/6/2006 12:00:00 AM,5/6/2007 12:00:00 AM,Monthly,600
248,2753,81,4/30/2006 12:00:00 AM,4/24/2011 12:00:00 AM,Weekly,2600
249,2756,81,11/18/2007 12:00:00 AM,11/11/2012 12:00:00 AM,Weekly,6500
250,2756,90,5/1/2010 12:00:00 AM,5/1/2015 12:00:00 AM,Monthly,6000
251,2779,92,5/1/2010 12:00:00 AM,5/1/2015 12:00:00 AM,Monthly,9000
252,2799,92,5/10/2010 12:00:00 AM,5/9/2011 12:00:00 AM,Weekly,1040
253,2812,81,12/1/2007 12:00:00 AM,12/1/2012 12:00:00 AM,Monthly,4500
254,2812,89,5/1/2010 12:00:00 AM,5/1/2015 12:00:00 AM,Monthly,6000
1157,2812,127,5/15/2016 12:00:00 AM,5/5/2019 12:00:00 AM,Monthly,1800
256,2826,2,5/1/2010 12:00:00 AM,4/27/2013 12:00:00 AM,Weekly,2340
255,2826,81,12/1/2007 12:00:00 AM,11/24/2012 12:00:00 AM,Weekly,3900
257,2831,2,5/1/2010 12:00:00 AM,5/1/2015 12:00:00 AM,Yearly,2000
1057,2831,127,5/1/2016 12:00:00 AM,4/28/2019 12:00:00 AM,Yearly,3000
258,2844,92,5/1/2010 12:00:00 AM,5/1/2015 12:00:00 AM,Monthly,6499.8
259,2855,81,11/18/2007 12:00:00 AM,11/18/2012 12:00:00 AM,Monthly,1200
260,2857,81,9/3/2006 12:00:00 AM,9/3/2011 12:00:00 AM,Monthly,6000
261,2861,81,11/18/2007 12:00:00 AM,7/18/2009 12:00:00 AM,Monthly,1000
62,2866,81,4/30/2006 12:00:00 AM,4/30/2011 12:00:00 AM,Monthly,5000
263,2879,2,5/16/2010 12:00:00 AM,5/10/2015 12:00:00 AM,Weekly,5200
262,2879,81,11/25/2007 12:00:00 AM,11/18/2012 12:00:00 AM,Weekly,3900
266,2923,81,12/1/2007 12:00:00 AM,11/24/2012 12:00:00 AM,Weekly,2600
267,2928,81,12/2/2007 12:00:00 AM,12/2/2007 12:00:00 AM,OneTime,600
1129,2928,127,5/1/2016 12:00:00 AM,4/21/2019 12:00:00 AM,OneTime,1700
268,2935,2,5/16/2010 12:00:00 AM,5/10/2015 12:00:00 AM,Weekly,6500
269,2938,81,12/16/2007 12:00:00 AM,12/16/2008 12:00:00 AM,Monthly,600
270,2945,2,1/12/2012 12:00:00 AM,1/12/2012 12:00:00 AM,OneTime,1
883,2953,118,12/1/2015 12:00:00 AM,11/30/2020 12:00:00 AM,Monthly,1800
271,2959,81,1/1/2007 12:00:00 AM,1/1/2012 12:00:00 AM,Monthly,1200
272,2959,89,6/1/2010 12:00:00 AM,6/1/2015 12:00:00 AM,Monthly,1200
273,2962,81,6/1/2006 12:00:00 AM,6/1/2006 12:00:00 AM,OneTime,500
274,2968,2,5/1/2010 12:00:00 AM,5/1/2010 12:00:00 AM,OneTime,100
275,2980,92,9/1/2010 12:00:00 AM,9/1/2015 12:00:00 AM,Monthly,4999.8
276,2988,2,5/1/2010 12:00:00 AM,5/1/2015 12:00:00 AM,Monthly,4800
1019,2988,118,11/22/2015 12:00:00 AM,11/30/2020 12:00:00 AM,Monthly,6000
278,2991,81,11/19/2007 12:00:00 AM,11/19/2012 12:00:00 AM,Monthly,3000
279,2991,92,5/1/2010 12:00:00 AM,5/1/2015 12:00:00 AM,Monthly,15000
280,3019,2,2/28/2012 12:00:00 AM,2/28/2012 12:00:00 AM,OneTime,1
282,3032,2,5/15/2010 12:00:00 AM,5/15/2015 12:00:00 AM,Monthly,3300
1137,3032,127,5/1/2016 12:00:00 AM,4/28/2019 12:00:00 AM,Monthly,900
63,3037,81,5/1/2006 12:00:00 AM,5/1/2011 12:00:00 AM,Yearly,1500
283,3040,2,6/1/2010 12:00:00 AM,6/1/2015 12:00:00 AM,Monthly,12000
757,3040,118,11/9/2015 12:00:00 AM,11/9/2020 12:00:00 AM,Yearly,15000
285,3055,81,6/1/2006 12:00:00 AM,6/1/2011 12:00:00 AM,Monthly,6000
284,3055,90,6/1/2010 12:00:00 AM,6/1/2015 12:00:00 AM,Monthly,7500
287,3080,2,5/1/2010 12:00:00 AM,4/25/2015 12:00:00 AM,Weekly,1300
286,3080,81,11/18/2007 12:00:00 AM,11/11/2012 12:00:00 AM,Weekly,2600
884,3080,118,12/1/2015 12:00:00 AM,11/30/2020 12:00:00 AM,Monthly,3000
288,3084,2,5/10/2010 12:00:00 AM,5/10/2015 12:00:00 AM,Monthly,1500
289,3095,81,4/18/2011 12:00:00 AM,4/18/2011 12:00:00 AM,OneTime,60
290,3139,2,2/28/2012 12:00:00 AM,2/28/2012 12:00:00 AM,OneTime,1
291,3139,81,11/18/2007 12:00:00 AM,11/18/2012 12:00:00 AM,Monthly,3000
292,3144,90,5/16/2010 12:00:00 AM,5/16/2015 12:00:00 AM,Monthly,3600
294,3148,81,11/18/2007 12:00:00 AM,11/18/2012 12:00:00 AM,Monthly,6000
295,3148,88,5/1/2010 12:00:00 AM,5/1/2015 12:00:00 AM,Monthly,61000.2
821,3148,118,12/1/2015 12:00:00 AM,11/30/2020 12:00:00 AM,Monthly,12000
296,3155,88,5/16/2010 12:00:00 AM,5/16/2015 12:00:00 AM,Monthly,3000
298,3164,2,5/16/2010 12:00:00 AM,5/10/2015 12:00:00 AM,Weekly,10400
297,3164,81,11/18/2007 12:00:00 AM,11/11/2012 12:00:00 AM,Weekly,6500
299,3168,81,12/1/2007 12:00:00 AM,12/1/2007 12:00:00 AM,OneTime,1000
300,3168,88,5/1/2010 12:00:00 AM,5/1/2015 12:00:00 AM,Monthly,10020
964,3168,118,11/15/2015 12:00:00 AM,11/1/2020 12:00:00 AM,Yearly,45000
301,3184,81,4/28/2006 12:00:00 AM,4/22/2011 12:00:00 AM,Weekly,26000
10,3200,81,5/1/2006 12:00:00 AM,5/1/2011 12:00:00 AM,Monthly,3000
11,3200,92,5/1/2010 12:00:00 AM,5/1/2015 12:00:00 AM,Monthly,3000
302,3221,81,12/2/2007 12:00:00 AM,12/2/2012 12:00:00 AM,Monthly,1200
1131,3240,127,5/1/2016 12:00:00 AM,4/21/2019 12:00:00 AM,Monthly,1800
303,3246,2,7/1/2010 12:00:00 AM,7/1/2015 12:00:00 AM,Monthly,1500
304,3247,81,12/1/2007 12:00:00 AM,12/1/2012 12:00:00 AM,Monthly,1500
305,3267,81,11/16/2007 12:00:00 AM,11/16/2012 12:00:00 AM,Monthly,1800
306,3271,81,11/25/2007 12:00:00 AM,11/18/2012 12:00:00 AM,Weekly,3900
307,3310,92,5/1/2010 12:00:00 AM,4/25/2015 12:00:00 AM,Weekly,2600
308,3320,92,5/1/2010 12:00:00 AM,5/1/2015 12:00:00 AM,Monthly,19980
309,3331,81,12/1/2007 12:00:00 AM,12/1/2012 12:00:00 AM,Monthly,1500
310,3331,92,5/30/2010 12:00:00 AM,5/30/2015 12:00:00 AM,Monthly,3000
311,3355,81,12/5/2007 12:00:00 AM,12/5/2012 12:00:00 AM,Monthly,600
312,3360,92,5/5/2011 12:00:00 AM,5/5/2011 12:00:00 AM,OneTime,1
313,3365,2,5/16/2010 12:00:00 AM,5/10/2015 12:00:00 AM,Weekly,2600
856,3395,118,12/1/2015 12:00:00 AM,11/30/2020 12:00:00 AM,Monthly,3000
314,3418,81,12/1/2007 12:00:00 AM,12/1/2009 12:00:00 AM,Monthly,1200
315,3443,2,5/9/2010 12:00:00 AM,5/3/2015 12:00:00 AM,Weekly,1300
316,3448,81,1/1/2008 12:00:00 AM,12/25/2012 12:00:00 AM,Weekly,7800
317,3452,2,5/30/2010 12:00:00 AM,5/30/2015 12:00:00 AM,Monthly,4500
318,3455,81,11/18/2007 12:00:00 AM,11/18/2012 12:00:00 AM,Monthly,2400
319,3472,2,5/9/2010 12:00:00 AM,5/9/2015 12:00:00 AM,Monthly,1900
320,3473,81,12/2/2007 12:00:00 AM,11/25/2012 12:00:00 AM,Weekly,2600
761,3473,118,12/1/2015 12:00:00 AM,11/30/2020 12:00:00 AM,Monthly,3000
321,3515,92,5/9/2010 12:00:00 AM,5/9/2010 12:00:00 AM,OneTime,50
322,3525,2,5/1/2010 12:00:00 AM,5/1/2015 12:00:00 AM,Monthly,6000
323,3550,81,12/9/2007 12:00:00 AM,12/9/2012 12:00:00 AM,Monthly,6000
324,3551,92,5/16/2010 12:00:00 AM,5/16/2015 12:00:00 AM,Monthly,18000
325,3569,2,5/1/2010 12:00:00 AM,5/1/2015 12:00:00 AM,Monthly,3000
64,3578,81,4/30/2006 12:00:00 AM,4/30/2011 12:00:00 AM,Monthly,15000
65,3578,90,5/1/2010 12:00:00 AM,5/1/2015 12:00:00 AM,Monthly,15000
944,3580,118,11/15/2015 12:00:00 AM,11/1/2020 12:00:00 AM,Monthly,10000.2
12,3599,2,5/1/2010 12:00:00 AM,5/1/2015 12:00:00 AM,Monthly,8100
13,3599,81,4/30/2006 12:00:00 AM,4/24/2011 12:00:00 AM,Weekly,11700
326,3600,2,2/28/2012 12:00:00 AM,2/28/2012 12:00:00 AM,OneTime,1
66,3628,81,5/31/2006 12:00:00 AM,5/31/2011 12:00:00 AM,Monthly,6000
67,3628,92,5/9/2010 12:00:00 AM,5/9/2015 12:00:00 AM,Monthly,10500
327,3698,81,12/2/2007 12:00:00 AM,12/2/2012 12:00:00 AM,Monthly,2400
328,3712,81,11/30/2007 12:00:00 AM,11/30/2012 12:00:00 AM,Monthly,15000
330,3731,2,5/1/2010 12:00:00 AM,4/25/2015 12:00:00 AM,Weekly,3900
329,3731,81,11/18/2007 12:00:00 AM,11/11/2012 12:00:00 AM,Weekly,3250
331,3749,90,5/1/2010 12:00:00 AM,4/30/2011 12:00:00 AM,Weekly,520
332,3755,90,5/1/2010 12:00:00 AM,5/1/2010 12:00:00 AM,OneTime,60
333,3755,90,6/1/2010 12:00:00 AM,6/1/2015 12:00:00 AM,Monthly,6000
68,3813,81,6/1/2006 12:00:00 AM,6/1/2011 12:00:00 AM,Monthly,600
69,3813,81,6/1/2006 12:00:00 AM,6/1/2011 12:00:00 AM,Monthly,600
334,3829,92,5/1/2010 12:00:00 AM,5/1/2010 12:00:00 AM,OneTime,1
335,3844,92,5/1/2010 12:00:00 AM,5/1/2015 12:00:00 AM,Monthly,3000
14,3852,81,5/12/2006 12:00:00 AM,5/12/2011 12:00:00 AM,Monthly,3000
15,3852,92,5/1/2010 12:00:00 AM,5/1/2015 12:00:00 AM,Monthly,1200
336,3853,2,5/1/2010 12:00:00 AM,5/1/2010 12:00:00 AM,OneTime,1
337,3861,81,1/1/2008 12:00:00 AM,1/1/2013 12:00:00 AM,Monthly,6000
338,3863,2,5/16/2010 12:00:00 AM,5/16/2015 12:00:00 AM,Monthly,3000
70,3897,81,6/1/2006 12:00:00 AM,6/1/2011 12:00:00 AM,Monthly,3000
339,19990,2,5/9/2010 12:00:00 AM,5/3/2015 12:00:00 AM,Weekly,13000
340,3982,81,1/1/2008 12:00:00 AM,1/1/2013 12:00:00 AM,Monthly,6000
819,3996,118,12/1/2015 12:00:00 AM,11/30/2020 12:00:00 AM,Monthly,24000
341,4022,81,11/24/2007 12:00:00 AM,11/17/2012 12:00:00 AM,Weekly,7800
342,4022,92,5/9/2010 12:00:00 AM,5/9/2015 12:00:00 AM,Monthly,600
788,4058,118,11/15/2015 12:00:00 AM,11/1/2020 12:00:00 AM,Weekly,2600
343,4059,90,5/1/2010 12:00:00 AM,5/1/2015 12:00:00 AM,Monthly,3000
344,4067,81,11/18/2007 12:00:00 AM,11/18/2012 12:00:00 AM,Monthly,3000
345,4120,81,12/2/2007 12:00:00 AM,11/25/2012 12:00:00 AM,Weekly,3900
346,4157,2,5/16/2010 12:00:00 AM,5/16/2015 12:00:00 AM,Monthly,600
802,4157,118,11/15/2015 12:00:00 AM,11/1/2020 12:00:00 AM,Weekly,6500
347,4161,81,11/19/2007 12:00:00 AM,11/19/2012 12:00:00 AM,Monthly,6000
348,4165,81,1/8/2008 12:00:00 AM,1/8/2013 12:00:00 AM,Monthly,600
971,4169,118,1/1/2016 12:00:00 AM,12/31/2020 12:00:00 AM,OneTime,1000
71,4187,81,9/1/2006 12:00:00 AM,9/1/2011 12:00:00 AM,Monthly,6000
72,4187,92,1/12/2012 12:00:00 AM,1/12/2012 12:00:00 AM,OneTime,1
349,4205,81,12/2/2007 12:00:00 AM,12/2/2012 12:00:00 AM,Monthly,9000
73,4211,81,4/30/2006 12:00:00 AM,4/30/2006 12:00:00 AM,OneTime,250
350,4217,89,5/1/2010 12:00:00 AM,5/1/2010 12:00:00 AM,OneTime,500
351,4224,88,5/1/2010 12:00:00 AM,5/1/2010 12:00:00 AM,OneTime,1
882,4224,118,11/15/2015 12:00:00 AM,11/1/2020 12:00:00 AM,Monthly,12000
1029,4226,118,1/21/2016 12:00:00 AM,4/30/2016 12:00:00 AM,Monthly,12
908,4228,118,11/15/2015 12:00:00 AM,11/1/2020 12:00:00 AM,Monthly,240
352,4241,2,5/23/2010 12:00:00 AM,5/17/2015 12:00:00 AM,Weekly,3900
353,4241,81,11/18/2007 12:00:00 AM,11/11/2012 12:00:00 AM,Weekly,2600
354,4245,81,12/2/2007 12:00:00 AM,12/2/2007 12:00:00 AM,OneTime,200
907,4277,118,11/15/2015 12:00:00 AM,11/1/2020 12:00:00 AM,Monthly,6000
355,4279,2,5/1/2010 12:00:00 AM,5/1/2010 12:00:00 AM,OneTime,1
357,4286,92,5/1/2010 12:00:00 AM,5/1/2015 12:00:00 AM,Monthly,3000
359,4288,2,5/1/2010 12:00:00 AM,5/1/2015 12:00:00 AM,Monthly,12000
358,4288,81,11/18/2007 12:00:00 AM,11/18/2012 12:00:00 AM,Monthly,12000
360,4302,81,11/18/2007 12:00:00 AM,11/18/2012 12:00:00 AM,Monthly,600
361,4336,2,5/24/2010 12:00:00 AM,5/24/2015 12:00:00 AM,Monthly,6000
364,4348,81,4/30/2006 12:00:00 AM,4/30/2011 12:00:00 AM,Monthly,3000
365,4349,81,12/2/2007 12:00:00 AM,12/2/2012 12:00:00 AM,Monthly,6000
366,4357,81,12/1/2007 12:00:00 AM,12/1/2012 12:00:00 AM,Monthly,6000
367,4357,92,5/5/2010 12:00:00 AM,5/4/2015 12:00:00 AM,Yearly,12000
368,4371,88,5/17/2010 12:00:00 AM,5/17/2015 12:00:00 AM,Monthly,6000
369,4387,2,1/12/2012 12:00:00 AM,1/12/2012 12:00:00 AM,OneTime,1
370,4393,81,11/18/2007 12:00:00 AM,8/18/2008 12:00:00 AM,Monthly,900
371,4422,81,12/5/2007 12:00:00 AM,12/5/2007 12:00:00 AM,OneTime,100
372,4434,2,6/1/2010 12:00:00 AM,6/1/2015 12:00:00 AM,Monthly,2400
373,4450,81,11/25/2007 12:00:00 AM,11/25/2012 12:00:00 AM,Monthly,3000
374,4458,2,5/1/2010 12:00:00 AM,5/1/2015 12:00:00 AM,Monthly,6000
375,4471,81,11/18/2007 12:00:00 AM,11/11/2012 12:00:00 AM,Weekly,2600
376,4479,81,11/17/2007 12:00:00 AM,11/10/2012 12:00:00 AM,Weekly,5200
377,4487,92,5/16/2010 12:00:00 AM,5/10/2015 12:00:00 AM,Weekly,5200
378,4492,88,5/16/2010 12:00:00 AM,5/16/2015 12:00:00 AM,Monthly,3900
379,4513,92,5/16/2010 12:00:00 AM,5/16/2010 12:00:00 AM,OneTime,100
381,4537,81,12/2/2007 12:00:00 AM,12/2/2012 12:00:00 AM,Monthly,3000
380,4537,92,6/6/2010 12:00:00 AM,6/6/2010 12:00:00 AM,OneTime,350
382,4538,81,12/5/2007 12:00:00 AM,11/28/2012 12:00:00 AM,Weekly,1300
383,4544,81,11/18/2007 12:00:00 AM,11/11/2012 12:00:00 AM,Weekly,11700
384,4548,81,11/18/2007 12:00:00 AM,11/18/2012 12:00:00 AM,Monthly,12000
16,4551,81,7/1/2006 12:00:00 AM,7/1/2011 12:00:00 AM,Monthly,3000
385,4569,88,5/10/2010 12:00:00 AM,5/10/2015 12:00:00 AM,Monthly,1500
2,4574,2,5/1/2010 12:00:00 AM,5/1/2015 12:00:00 AM,Monthly,25020
1,4574,81,6/1/2006 12:00:00 AM,6/1/2011 12:00:00 AM,Monthly,12000
386,4579,2,5/15/2010 12:00:00 AM,5/15/2015 12:00:00 AM,Monthly,3000
387,4582,81,12/30/2008 12:00:00 AM,12/30/2008 12:00:00 AM,OneTime,1000
388,4590,81,12/1/2007 12:00:00 AM,11/24/2012 12:00:00 AM,Weekly,2600
389,4618,81,11/8/2007 12:00:00 AM,11/1/2012 12:00:00 AM,Weekly,5350.8
390,4630,2,1/12/2012 12:00:00 AM,1/12/2012 12:00:00 AM,OneTime,1
391,4630,81,5/1/2006 12:00:00 AM,5/1/2011 12:00:00 AM,Monthly,3000
392,4634,81,11/25/2007 12:00:00 AM,11/18/2012 12:00:00 AM,Weekly,10400
74,4642,81,5/1/2006 12:00:00 AM,5/1/2007 12:00:00 AM,Monthly,1200
393,4649,2,5/9/2010 12:00:00 AM,5/3/2015 12:00:00 AM,Weekly,1300
394,4699,2,6/10/2010 12:00:00 AM,6/10/2010 12:00:00 AM,OneTime,500
395,4740,81,1/20/2008 12:00:00 AM,1/20/2008 12:00:00 AM,OneTime,100
396,4763,81,12/16/2007 12:00:00 AM,12/12/2010 12:00:00 AM,Weekly,780
397,4763,92,5/1/2010 12:00:00 AM,5/1/2011 12:00:00 AM,Monthly,480
398,4767,2,6/1/2010 12:00:00 AM,6/1/2011 12:00:00 AM,Monthly,480
400,4782,2,5/1/2010 12:00:00 AM,3/16/2013 12:00:00 AM,Weekly,1500
399,4782,81,12/2/2007 12:00:00 AM,11/25/2012 12:00:00 AM,Weekly,2600
900,4782,118,12/1/2015 12:00:00 AM,11/30/2020 12:00:00 AM,Monthly,4500
402,4797,2,8/30/2012 12:00:00 AM,8/30/2012 12:00:00 AM,OneTime,1
401,4797,81,4/30/2006 12:00:00 AM,4/24/2011 12:00:00 AM,Weekly,2600
774,4810,118,11/15/2015 12:00:00 AM,11/1/2020 12:00:00 AM,Monthly,20000
898,4840,118,12/1/2015 12:00:00 AM,11/30/2020 12:00:00 AM,Monthly,6000
403,4875,92,2/28/2012 12:00:00 AM,2/28/2012 12:00:00 AM,OneTime,1
404,4915,81,11/25/2007 12:00:00 AM,11/18/2012 12:00:00 AM,Weekly,2600
957,4915,118,1/1/2016 12:00:00 AM,12/31/2020 12:00:00 AM,Yearly,15000
405,4926,88,6/1/2010 12:00:00 AM,6/1/2015 12:00:00 AM,Monthly,3000
408,4938,88,5/1/2010 12:00:00 AM,5/1/2015 12:00:00 AM,Monthly,3000
409,4948,81,11/18/2007 12:00:00 AM,11/18/2012 12:00:00 AM,Monthly,3000
410,4957,2,5/10/2010 12:00:00 AM,5/10/2015 12:00:00 AM,Monthly,2400
411,4958,2,7/1/2010 12:00:00 AM,7/1/2015 12:00:00 AM,Monthly,3000
1168,4958,91,1/1/2017 12:00:00 AM,12/31/2017 12:00:00 AM,Weekly,6625
412,4979,2,6/1/2010 12:00:00 AM,6/1/2015 12:00:00 AM,Monthly,3000
967,4983,118,11/15/2015 12:00:00 AM,11/1/2020 12:00:00 AM,Yearly,4500
414,4985,2,5/1/2010 12:00:00 AM,5/1/2015 12:00:00 AM,Monthly,9000
413,4985,81,12/1/2007 12:00:00 AM,12/1/2012 12:00:00 AM,Monthly,7500
968,4985,118,12/1/2015 12:00:00 AM,11/30/2020 12:00:00 AM,Monthly,5000.4
974,4988,118,1/1/2016 12:00:00 AM,12/31/2016 12:00:00 AM,OneTime,650
415,4997,92,5/1/2010 12:00:00 AM,5/1/2014 12:00:00 AM,Yearly,5000
416,5022,88,5/1/2010 12:00:00 AM,5/1/2015 12:00:00 AM,Monthly,15000
1012,5022,118,11/15/2015 12:00:00 AM,11/1/2020 12:00:00 AM,Weekly,18000
417,5026,92,5/1/2010 12:00:00 AM,5/1/2010 12:00:00 AM,OneTime,1000
790,5059,118,11/22/2015 12:00:00 AM,11/8/2020 12:00:00 AM,Weekly,2600
418,5080,92,5/1/2010 12:00:00 AM,5/1/2015 12:00:00 AM,Monthly,6000
419,5081,81,12/5/2007 12:00:00 AM,12/5/2007 12:00:00 AM,OneTime,5000
420,5081,88,6/1/2010 12:00:00 AM,6/1/2015 12:00:00 AM,Monthly,25020
961,5081,118,11/15/2015 12:00:00 AM,11/1/2020 12:00:00 AM,Yearly,100000
421,5124,81,12/1/2007 12:00:00 AM,4/1/2008 12:00:00 AM,Monthly,1200
422,5138,92,5/16/2010 12:00:00 AM,5/16/2015 12:00:00 AM,Monthly,3000
424,5161,2,5/1/2010 12:00:00 AM,5/1/2015 12:00:00 AM,Monthly,6000
423,5161,81,12/1/2007 12:00:00 AM,12/1/2012 12:00:00 AM,Monthly,6000
425,5198,81,11/18/2007 12:00:00 AM,11/18/2012 12:00:00 AM,Monthly,1200
426,5198,88,5/1/2010 12:00:00 AM,5/1/2015 12:00:00 AM,Monthly,13800
427,5334,2,5/1/2010 12:00:00 AM,5/1/2015 12:00:00 AM,Monthly,10020
428,5342,81,11/8/2007 12:00:00 AM,11/1/2012 12:00:00 AM,Weekly,67600
429,5424,88,6/1/2010 12:00:00 AM,6/1/2015 12:00:00 AM,Monthly,7500
431,5511,2,5/9/2010 12:00:00 AM,5/9/2015 12:00:00 AM,Monthly,2400
1014,5536,118,1/1/2016 12:00:00 AM,12/31/2020 12:00:00 AM,Monthly,3000
432,5550,92,5/1/2010 12:00:00 AM,5/1/2015 12:00:00 AM,Monthly,1500
626,5578,2,5/16/2010 12:00:00 AM,5/16/2015 12:00:00 AM,Monthly,9000
433,5581,2,5/1/2010 12:00:00 AM,5/1/2015 12:00:00 AM,Monthly,4500
435,5584,81,6/1/2006 12:00:00 AM,6/1/2011 12:00:00 AM,Monthly,4800
434,5584,92,5/15/2010 12:00:00 AM,5/14/2011 12:00:00 AM,Weekly,156
436,5667,90,5/1/2010 12:00:00 AM,4/25/2015 12:00:00 AM,Weekly,9800
437,5724,2,5/1/2010 12:00:00 AM,4/25/2015 12:00:00 AM,Weekly,6500
438,5732,2,5/31/2010 12:00:00 AM,5/31/2015 12:00:00 AM,Monthly,3000
910,5732,118,11/15/2015 12:00:00 AM,11/1/2020 12:00:00 AM,Monthly,1200
440,5746,92,5/9/2010 12:00:00 AM,5/9/2011 12:00:00 AM,Monthly,240
442,5844,81,5/7/2006 12:00:00 AM,5/7/2011 12:00:00 AM,Monthly,1500
441,5844,92,5/26/2010 12:00:00 AM,5/26/2015 12:00:00 AM,Monthly,1800
75,5876,2,5/1/2010 12:00:00 AM,5/1/2010 12:00:00 AM,OneTime,1
76,5876,81,1/1/2008 12:00:00 AM,12/25/2012 12:00:00 AM,Weekly,3900
936,5890,118,1/1/2016 12:00:00 AM,12/31/2020 12:00:00 AM,Yearly,30000
77,5952,2,5/16/2010 12:00:00 AM,5/16/2010 12:00:00 AM,OneTime,20
78,5952,81,4/30/2006 12:00:00 AM,4/24/2011 12:00:00 AM,Weekly,1300
1022,5960,118,11/15/2015 12:00:00 AM,12/31/2015 12:00:00 AM,OneTime,100000
92,5985,81,11/18/2007 12:00:00 AM,11/11/2012 12:00:00 AM,Weekly,2600
443,6004,89,5/16/2010 12:00:00 AM,5/16/2015 12:00:00 AM,Monthly,9600
444,6033,92,5/16/2010 12:00:00 AM,5/10/2015 12:00:00 AM,Weekly,3915
445,6056,2,5/10/2010 12:00:00 AM,5/10/2015 12:00:00 AM,Monthly,3900
446,6116,2,5/1/2010 12:00:00 AM,5/1/2015 12:00:00 AM,Monthly,900
447,6151,92,5/16/2010 12:00:00 AM,5/16/2015 12:00:00 AM,Monthly,3000
449,6172,92,5/1/2010 12:00:00 AM,5/1/2015 12:00:00 AM,Monthly,1500
450,6191,2,5/1/2010 12:00:00 AM,4/25/2015 12:00:00 AM,Weekly,32500
1072,6198,127,5/1/2016 12:00:00 AM,4/21/2019 12:00:00 AM,Weekly,7800
79,6227,81,12/5/2007 12:00:00 AM,12/5/2007 12:00:00 AM,OneTime,500
80,6227,90,5/1/2010 12:00:00 AM,5/1/2015 12:00:00 AM,Monthly,6000
17,6262,81,12/9/2007 12:00:00 AM,12/9/2012 12:00:00 AM,Monthly,1200
826,6262,118,12/1/2015 12:00:00 AM,11/30/2020 12:00:00 AM,Monthly,6000
451,6336,88,2/28/2011 12:00:00 AM,2/28/2016 12:00:00 AM,Yearly,5000
452,6346,92,5/16/2010 12:00:00 AM,5/10/2015 12:00:00 AM,Weekly,2610
453,6365,81,12/2/2007 12:00:00 AM,12/2/2012 12:00:00 AM,Monthly,3000
82,6378,2,5/1/2010 12:00:00 AM,5/1/2014 12:00:00 AM,Yearly,2000
81,6378,81,4/30/2006 12:00:00 AM,4/30/2011 12:00:00 AM,Yearly,10000
759,6378,118,11/15/2015 12:00:00 AM,11/1/2020 12:00:00 AM,OneTime,10000
454,6379,92,5/1/2010 12:00:00 AM,4/25/2015 12:00:00 AM,Weekly,6500
455,6381,92,5/16/2010 12:00:00 AM,5/16/2015 12:00:00 AM,Monthly,6000
456,6420,2,5/10/2010 12:00:00 AM,5/10/2010 12:00:00 AM,OneTime,100
457,6427,2,5/1/2010 12:00:00 AM,4/25/2015 12:00:00 AM,Weekly,52000
458,6432,88,5/5/2010 12:00:00 AM,5/5/2010 12:00:00 AM,OneTime,1
459,6469,2,5/9/2010 12:00:00 AM,5/9/2015 12:00:00 AM,Monthly,3000
460,6483,92,5/5/2011 12:00:00 AM,5/5/2011 12:00:00 AM,OneTime,1
3,6492,81,5/1/2006 12:00:00 AM,4/25/2011 12:00:00 AM,Weekly,5200
4,6492,92,5/1/2010 12:00:00 AM,5/1/2015 12:00:00 AM,Monthly,18000
461,6619,81,4/23/2006 12:00:00 AM,4/23/2006 12:00:00 AM,OneTime,25
462,6641,2,5/9/2010 12:00:00 AM,5/9/2015 12:00:00 AM,Monthly,6000
890,6641,118,11/15/2015 12:00:00 AM,11/1/2020 12:00:00 AM,OneTime,4800
463,6652,92,2/28/2012 12:00:00 AM,2/28/2012 12:00:00 AM,OneTime,1
464,6714,2,1/12/2012 12:00:00 AM,1/12/2012 12:00:00 AM,OneTime,1
465,6720,2,5/1/2010 12:00:00 AM,5/1/2015 12:00:00 AM,Monthly,1200
466,6728,2,6/1/2010 12:00:00 AM,6/1/2015 12:00:00 AM,Monthly,4500
785,6734,118,12/1/2015 12:00:00 AM,11/22/2020 12:00:00 AM,Weekly,2600
467,6746,2,2/28/2012 12:00:00 AM,2/28/2012 12:00:00 AM,OneTime,1
469,6794,2,5/1/2010 12:00:00 AM,5/1/2010 12:00:00 AM,OneTime,500
470,6824,92,5/16/2010 12:00:00 AM,5/16/2015 12:00:00 AM,Monthly,9600
471,6860,2,5/5/2011 12:00:00 AM,5/5/2011 12:00:00 AM,OneTime,1
748,6869,2,8/30/2012 12:00:00 AM,8/30/2012 12:00:00 AM,OneTime,1
472,6911,2,2/28/2012 12:00:00 AM,2/28/2012 12:00:00 AM,OneTime,1
473,6955,92,5/1/2010 12:00:00 AM,5/1/2015 12:00:00 AM,Monthly,3000
1103,6970,127,6/1/2016 12:00:00 AM,5/31/2019 12:00:00 AM,Monthly,1800
1091,6987,127,5/1/2016 12:00:00 AM,4/21/2019 12:00:00 AM,Monthly,136
1062,6999,127,5/1/2016 12:00:00 AM,4/28/2019 12:00:00 AM,Monthly,14000
84,7008,2,5/15/2010 12:00:00 AM,5/15/2015 12:00:00 AM,Monthly,1800
83,7008,81,5/1/2006 12:00:00 AM,5/1/2011 12:00:00 AM,Monthly,1200
474,7014,92,5/30/2010 12:00:00 AM,5/30/2015 12:00:00 AM,Monthly,3000
18,7041,81,4/30/2006 12:00:00 AM,4/30/2011 12:00:00 AM,Monthly,3000
475,7048,92,5/1/2010 12:00:00 AM,5/1/2015 12:00:00 AM,Monthly,1500
476,7060,2,5/30/2010 12:00:00 AM,5/30/2010 12:00:00 AM,OneTime,500
477,7065,2,6/1/2010 12:00:00 AM,6/1/2011 12:00:00 AM,Monthly,720
478,7066,88,6/1/2010 12:00:00 AM,6/1/2011 12:00:00 AM,Monthly,600
479,7139,2,5/1/2010 12:00:00 AM,5/1/2010 12:00:00 AM,OneTime,500
480,7153,2,5/16/2010 12:00:00 AM,5/16/2015 12:00:00 AM,Monthly,9600
1045,7192,127,4/17/2016 12:00:00 AM,4/28/2019 12:00:00 AM,Yearly,4500
481,7198,2,5/1/2010 12:00:00 AM,5/1/2010 12:00:00 AM,OneTime,1000
482,7198,81,12/2/2007 12:00:00 AM,11/25/2012 12:00:00 AM,Weekly,2600
1092,7216,127,5/1/2016 12:00:00 AM,4/21/2019 12:00:00 AM,Monthly,7700
483,7235,90,6/10/2010 12:00:00 AM,6/10/2015 12:00:00 AM,Monthly,3000
85,7246,81,1/1/2008 12:00:00 AM,1/1/2013 12:00:00 AM,Monthly,3000
484,7263,2,6/1/2010 12:00:00 AM,6/1/2015 12:00:00 AM,Monthly,9240
485,7284,2,5/1/2010 12:00:00 AM,5/1/2010 12:00:00 AM,OneTime,1
486,7294,2,5/1/2010 12:00:00 AM,5/1/2010 12:00:00 AM,OneTime,800
487,7308,92,2/28/2012 12:00:00 AM,2/28/2012 12:00:00 AM,OneTime,1
780,7311,118,11/15/2015 12:00:00 AM,11/1/2020 12:00:00 AM,Yearly,500000
488,7340,2,5/10/2010 12:00:00 AM,5/4/2015 12:00:00 AM,Weekly,2600
795,7341,118,11/22/2015 12:00:00 AM,11/8/2020 12:00:00 AM,Weekly,5200
490,7352,88,5/1/2010 12:00:00 AM,5/1/2010 12:00:00 AM,OneTime,1000
491,7357,92,5/16/2010 12:00:00 AM,5/16/2015 12:00:00 AM,Monthly,10500
492,7369,92,5/10/2010 12:00:00 AM,5/4/2015 12:00:00 AM,Weekly,1300
493,7375,92,5/16/2010 12:00:00 AM,5/16/2015 12:00:00 AM,Monthly,3900
494,7385,2,5/5/2011 12:00:00 AM,5/5/2011 12:00:00 AM,OneTime,1
495,7422,92,1/12/2012 12:00:00 AM,1/12/2012 12:00:00 AM,OneTime,1
796,7422,118,11/22/2015 12:00:00 AM,11/8/2020 12:00:00 AM,Weekly,5200
496,7453,2,5/1/2010 12:00:00 AM,5/1/2010 12:00:00 AM,OneTime,1
497,7481,88,5/1/2010 12:00:00 AM,4/25/2015 12:00:00 AM,Weekly,26000
779,7481,118,1/1/2016 12:00:00 AM,12/31/2020 12:00:00 AM,Monthly,6000
498,20809,2,5/9/2010 12:00:00 AM,5/9/2015 12:00:00 AM,Monthly,7200
499,7504,2,5/1/2010 12:00:00 AM,5/1/2010 12:00:00 AM,OneTime,1
994,7523,118,11/22/2015 12:00:00 AM,11/8/2020 12:00:00 AM,Weekly,10400
500,7535,90,5/1/2010 12:00:00 AM,5/1/2015 12:00:00 AM,Monthly,10800
1016,7605,118,1/1/2016 12:00:00 AM,12/31/2020 12:00:00 AM,OneTime,3000
501,7614,2,5/1/2010 12:00:00 AM,5/1/2015 12:00:00 AM,Monthly,1500
502,7638,81,5/7/2006 12:00:00 AM,5/7/2011 12:00:00 AM,Monthly,2400
503,7671,92,5/1/2010 12:00:00 AM,5/1/2015 12:00:00 AM,Monthly,1500
504,7693,2,6/1/2010 12:00:00 AM,6/1/2015 12:00:00 AM,Monthly,2400
505,7709,2,5/1/2010 12:00:00 AM,4/25/2015 12:00:00 AM,Weekly,26000
506,20433,88,5/10/2010 12:00:00 AM,5/10/2015 12:00:00 AM,Monthly,6000
507,7726,92,5/10/2010 12:00:00 AM,5/10/2015 12:00:00 AM,Monthly,6000
508,7753,92,5/1/2010 12:00:00 AM,5/1/2010 12:00:00 AM,OneTime,10000
19,7784,81,6/1/2006 12:00:00 AM,6/1/2011 12:00:00 AM,Monthly,3600
509,7796,2,5/23/2010 12:00:00 AM,5/23/2010 12:00:00 AM,OneTime,1000
772,7849,118,11/15/2015 12:00:00 AM,11/1/2020 12:00:00 AM,OneTime,20000
806,7870,118,11/15/2015 12:00:00 AM,11/1/2020 12:00:00 AM,Weekly,7800
510,7913,2,6/1/2010 12:00:00 AM,6/1/2015 12:00:00 AM,Monthly,3900
1162,7913,127,5/16/2016 12:00:00 AM,5/16/2018 12:00:00 AM,Monthly,4800
511,7918,2,5/1/2010 12:00:00 AM,5/1/2015 12:00:00 AM,Monthly,6000
512,7960,2,5/1/2010 12:00:00 AM,5/1/2015 12:00:00 AM,Monthly,55000
513,7964,2,6/1/2010 12:00:00 AM,6/1/2011 12:00:00 AM,Monthly,420
1104,8000,127,5/8/2016 12:00:00 AM,4/28/2019 12:00:00 AM,Weekly,15600
801,8005,118,11/15/2015 12:00:00 AM,11/1/2020 12:00:00 AM,Weekly,11500
953,8013,118,11/15/2015 12:00:00 AM,11/1/2020 12:00:00 AM,OneTime,1000
514,8028,2,6/9/2010 12:00:00 AM,6/9/2010 12:00:00 AM,OneTime,250
515,8037,2,6/1/2010 12:00:00 AM,6/1/2014 12:00:00 AM,Monthly,4800
878,8087,118,12/1/2015 12:00:00 AM,11/30/2020 12:00:00 AM,Monthly,1200
516,8095,89,5/1/2010 12:00:00 AM,5/1/2015 12:00:00 AM,Monthly,4020
1153,8122,127,6/5/2016 12:00:00 AM,5/26/2019 12:00:00 AM,Monthly,14400
518,8132,2,5/1/2010 12:00:00 AM,5/1/2012 12:00:00 AM,Monthly,960
519,8154,92,2/28/2012 12:00:00 AM,2/28/2012 12:00:00 AM,OneTime,1
520,8166,2,1/12/2012 12:00:00 AM,1/12/2012 12:00:00 AM,OneTime,1
521,8186,2,5/1/2010 12:00:00 AM,5/1/2015 12:00:00 AM,Monthly,40000
1113,8186,127,5/1/2016 12:00:00 AM,4/28/2019 12:00:00 AM,Yearly,15000
1046,8204,127,5/1/2016 12:00:00 AM,4/28/2019 12:00:00 AM,Monthly,1800
522,8224,2,5/16/2010 12:00:00 AM,5/16/2015 12:00:00 AM,Monthly,1200
523,8282,90,5/16/2010 12:00:00 AM,5/16/2015 12:00:00 AM,Monthly,3000
1053,8330,127,5/1/2016 12:00:00 AM,4/28/2019 12:00:00 AM,Monthly,1800
20,8340,81,5/7/2006 12:00:00 AM,5/7/2011 12:00:00 AM,Monthly,6000
525,8366,92,5/1/2010 12:00:00 AM,5/1/2015 12:00:00 AM,Monthly,9000
526,8415,2,5/5/2011 12:00:00 AM,5/5/2011 12:00:00 AM,OneTime,1
1067,8415,127,5/1/2016 12:00:00 AM,4/21/2019 12:00:00 AM,OneTime,6000
88,8439,81,4/22/2006 12:00:00 AM,4/16/2011 12:00:00 AM,Weekly,7800
527,8492,92,6/1/2010 12:00:00 AM,6/1/2015 12:00:00 AM,Monthly,1200
528,8538,2,6/1/2010 12:00:00 AM,6/1/2015 12:00:00 AM,Monthly,5100
529,8549,2,5/16/2010 12:00:00 AM,5/16/2015 12:00:00 AM,Monthly,2400
530,8563,92,2/28/2012 12:00:00 AM,2/28/2012 12:00:00 AM,OneTime,1
531,8568,2,5/23/2010 12:00:00 AM,5/23/2015 12:00:00 AM,Monthly,3000
532,8585,92,5/1/2010 12:00:00 AM,5/1/2015 12:00:00 AM,Monthly,7500
89,8624,88,8/30/2012 12:00:00 AM,8/30/2012 12:00:00 AM,OneTime,1
775,8624,118,1/1/2016 12:00:00 AM,12/31/2020 12:00:00 AM,Monthly,12000
533,8629,92,2/28/2012 12:00:00 AM,2/28/2012 12:00:00 AM,OneTime,1
534,8663,2,5/1/2010 12:00:00 AM,5/1/2010 12:00:00 AM,OneTime,500
91,8664,2,5/1/2010 12:00:00 AM,5/1/2015 12:00:00 AM,Monthly,50000
90,8664,81,4/30/2006 12:00:00 AM,4/30/2011 12:00:00 AM,Yearly,20000
535,8670,92,5/1/2010 12:00:00 AM,4/25/2015 12:00:00 AM,Weekly,2600
881,8672,118,11/15/2015 12:00:00 AM,11/1/2020 12:00:00 AM,Monthly,6000
536,8679,92,5/5/2010 12:00:00 AM,5/5/2010 12:00:00 AM,OneTime,1
537,8706,2,5/17/2010 12:00:00 AM,5/17/2015 12:00:00 AM,Monthly,600
538,8707,89,5/16/2010 12:00:00 AM,5/16/2015 12:00:00 AM,Monthly,1500
1055,8707,127,5/1/2016 12:00:00 AM,4/28/2019 12:00:00 AM,Yearly,3000
539,8712,2,5/1/2010 12:00:00 AM,5/1/2015 12:00:00 AM,Monthly,3000
540,8715,88,5/1/2010 12:00:00 AM,5/1/2011 12:00:00 AM,Monthly,1800
820,8718,118,12/1/2015 12:00:00 AM,11/30/2020 12:00:00 AM,Monthly,6000
541,8732,89,6/1/2010 12:00:00 AM,6/1/2015 12:00:00 AM,Monthly,1800
542,8734,90,5/1/2010 12:00:00 AM,5/1/2015 12:00:00 AM,Monthly,3499.8
544,8743,81,1/1/2007 12:00:00 AM,1/1/2012 12:00:00 AM,Monthly,3000
543,8743,92,2/28/2012 12:00:00 AM,2/28/2012 12:00:00 AM,OneTime,1
545,8765,2,5/1/2010 12:00:00 AM,5/1/2015 12:00:00 AM,Yearly,6500
778,8765,118,4/1/2016 12:00:00 AM,3/21/2021 12:00:00 AM,Weekly,78000
546,8788,88,5/1/2010 12:00:00 AM,5/1/2015 12:00:00 AM,Yearly,5000
935,8788,118,11/15/2015 12:00:00 AM,11/1/2020 12:00:00 AM,Yearly,5000
547,8796,2,5/16/2010 12:00:00 AM,5/16/2015 12:00:00 AM,Monthly,15000
93,8834,81,6/1/2006 12:00:00 AM,6/1/2011 12:00:00 AM,Monthly,1200
21,8836,81,5/14/2006 12:00:00 AM,5/14/2011 12:00:00 AM,Monthly,3000
896,8860,118,12/6/2015 12:00:00 AM,11/30/2020 12:00:00 AM,Monthly,900
548,8914,2,5/5/2010 12:00:00 AM,5/5/2015 12:00:00 AM,Monthly,2400
549,8942,2,6/1/2010 12:00:00 AM,6/1/2015 12:00:00 AM,Monthly,2400
550,8953,81,5/28/2006 12:00:00 AM,5/28/2011 12:00:00 AM,Monthly,3000
551,8988,88,5/1/2010 12:00:00 AM,5/1/2015 12:00:00 AM,Yearly,7500
777,8988,118,11/15/2015 12:00:00 AM,11/1/2020 12:00:00 AM,Yearly,30000
552,9000,2,6/1/2010 12:00:00 AM,6/1/2015 12:00:00 AM,Monthly,3900
553,9004,2,5/16/2010 12:00:00 AM,5/10/2015 12:00:00 AM,Weekly,1820
23,9015,2,5/1/2010 12:00:00 AM,5/1/2015 12:00:00 AM,Monthly,69000
22,9015,81,5/1/2006 12:00:00 AM,5/1/2011 12:00:00 AM,Monthly,6000
927,9015,118,11/15/2015 12:00:00 AM,12/31/2020 12:00:00 AM,OneTime,225000
1119,9016,127,5/1/2016 12:00:00 AM,4/21/2019 12:00:00 AM,Monthly,720
554,9021,2,6/1/2010 12:00:00 AM,6/1/2015 12:00:00 AM,Monthly,30000
555,9031,88,5/9/2010 12:00:00 AM,5/9/2011 12:00:00 AM,Monthly,1215.96
556,9038,92,6/1/2010 12:00:00 AM,6/1/2015 12:00:00 AM,Monthly,1200
557,9082,92,5/16/2010 12:00:00 AM,5/16/2015 12:00:00 AM,Monthly,3000
558,9132,2,5/16/2010 12:00:00 AM,5/16/2015 12:00:00 AM,Monthly,6000
873,9132,118,12/1/2015 12:00:00 AM,11/30/2020 12:00:00 AM,Monthly,1500
24,9184,81,4/15/2006 12:00:00 AM,4/15/2011 12:00:00 AM,Monthly,9000
25,9184,90,5/1/2010 12:00:00 AM,5/1/2015 12:00:00 AM,Monthly,2400
559,9193,2,5/16/2010 12:00:00 AM,5/16/2015 12:00:00 AM,Monthly,3000
560,9205,2,2/28/2012 12:00:00 AM,2/28/2012 12:00:00 AM,OneTime,1
1171,9234,85,2/28/2017 12:00:00 AM,9/28/2017 12:00:00 AM,Monthly,213.5
926,9234,118,11/15/2015 12:00:00 AM,11/1/2020 12:00:00 AM,OneTime,5000
562,9320,2,5/8/2010 12:00:00 AM,5/8/2015 12:00:00 AM,Monthly,6000
563,9341,2,7/4/2010 12:00:00 AM,7/4/2015 12:00:00 AM,Monthly,2800
564,9346,2,5/9/2010 12:00:00 AM,5/3/2015 12:00:00 AM,Weekly,2600
565,9350,2,5/16/2010 12:00:00 AM,5/16/2015 12:00:00 AM,Monthly,3600
26,9393,2,5/1/2010 12:00:00 AM,5/1/2010 12:00:00 AM,OneTime,500
27,9393,81,4/30/2006 12:00:00 AM,4/30/2011 12:00:00 AM,Monthly,1200
1118,9403,127,5/1/2016 12:00:00 AM,4/21/2019 12:00:00 AM,Weekly,1560
568,9414,92,5/5/2010 12:00:00 AM,5/5/2015 12:00:00 AM,Monthly,30000
569,9442,2,5/15/2010 12:00:00 AM,5/15/2015 12:00:00 AM,Monthly,1200
570,9448,92,6/10/2010 12:00:00 AM,6/4/2015 12:00:00 AM,Weekly,6201
955,9452,118,11/15/2015 12:00:00 AM,11/1/2020 12:00:00 AM,OneTime,2600
571,9467,90,5/16/2010 12:00:00 AM,5/16/2015 12:00:00 AM,Monthly,1500
702,9473,2,1/12/2012 12:00:00 AM,1/12/2012 12:00:00 AM,OneTime,1
572,9479,2,8/1/2010 12:00:00 AM,8/1/2015 12:00:00 AM,Monthly,12000
573,9480,2,5/23/2010 12:00:00 AM,5/23/2015 12:00:00 AM,Monthly,6000
574,9482,2,5/1/2010 12:00:00 AM,5/1/2015 12:00:00 AM,Monthly,25500
575,9494,2,7/1/2010 12:00:00 AM,7/1/2015 12:00:00 AM,Monthly,2400
576,9530,2,1/12/2012 12:00:00 AM,1/12/2012 12:00:00 AM,OneTime,1
577,9533,2,2/29/2012 12:00:00 AM,2/29/2012 12:00:00 AM,OneTime,1
578,9550,2,5/5/2011 12:00:00 AM,5/5/2011 12:00:00 AM,OneTime,1
579,9584,90,5/9/2010 12:00:00 AM,5/9/2015 12:00:00 AM,Monthly,4200
28,9597,81,5/7/2006 12:00:00 AM,5/1/2011 12:00:00 AM,Weekly,2600
29,9597,92,2/28/2012 12:00:00 AM,2/28/2012 12:00:00 AM,OneTime,1
580,9602,92,5/1/2010 12:00:00 AM,5/1/2010 12:00:00 AM,OneTime,1
581,9602,92,1/12/2012 12:00:00 AM,1/12/2012 12:00:00 AM,OneTime,1
582,9610,92,5/9/2010 12:00:00 AM,5/3/2015 12:00:00 AM,Weekly,5220
583,9623,2,5/1/2010 12:00:00 AM,4/25/2015 12:00:00 AM,Weekly,2600
584,9625,92,5/1/2010 12:00:00 AM,5/1/2015 12:00:00 AM,Monthly,3000
95,9630,81,4/23/2006 12:00:00 AM,4/17/2011 12:00:00 AM,Weekly,2600
585,9631,92,6/1/2010 12:00:00 AM,6/1/2015 12:00:00 AM,Monthly,1200
587,9639,88,5/1/2010 12:00:00 AM,5/1/2015 12:00:00 AM,Monthly,1500
814,9639,118,12/1/2015 12:00:00 AM,11/30/2020 12:00:00 AM,Monthly,6000
588,9645,2,5/1/2010 12:00:00 AM,5/1/2010 12:00:00 AM,OneTime,200
589,9646,88,5/9/2010 12:00:00 AM,5/3/2015 12:00:00 AM,Weekly,5220
766,9646,118,1/1/2016 12:00:00 AM,12/31/2020 12:00:00 AM,Monthly,20100
808,9649,118,12/1/2015 12:00:00 AM,11/22/2020 12:00:00 AM,Weekly,13000
590,9677,2,5/28/2010 12:00:00 AM,5/28/2015 12:00:00 AM,Monthly,4500
593,9713,92,5/1/2010 12:00:00 AM,5/1/2015 12:00:00 AM,Monthly,10000.2
594,9720,2,8/1/2010 12:00:00 AM,7/26/2015 12:00:00 AM,Weekly,10400
595,9731,90,5/9/2010 12:00:00 AM,5/3/2015 12:00:00 AM,Weekly,10400
596,9780,2,5/9/2010 12:00:00 AM,5/9/2015 12:00:00 AM,Monthly,3000
597,9809,2,5/16/2010 12:00:00 AM,5/16/2010 12:00:00 AM,OneTime,100
598,9813,88,6/1/2010 12:00:00 AM,6/1/2015 12:00:00 AM,Monthly,3000
599,9859,2,5/9/2010 12:00:00 AM,5/9/2015 12:00:00 AM,Monthly,1200
600,9870,92,5/1/2010 12:00:00 AM,5/1/2015 12:00:00 AM,Monthly,6500
601,9928,81,6/30/2006 12:00:00 AM,6/30/2011 12:00:00 AM,Monthly,12000
602,9932,2,2/28/2012 12:00:00 AM,2/28/2012 12:00:00 AM,OneTime,1
603,9936,2,6/1/2010 12:00:00 AM,6/1/2015 12:00:00 AM,Monthly,2700
604,9948,92,5/10/2010 12:00:00 AM,5/10/2015 12:00:00 AM,Monthly,6000
605,9964,92,5/9/2010 12:00:00 AM,5/9/2013 12:00:00 AM,Monthly,3060
30,9997,81,4/30/2006 12:00:00 AM,4/30/2011 12:00:00 AM,Monthly,3600
1018,10003,118,1/1/2016 12:00:00 AM,12/25/2020 12:00:00 AM,Weekly,5200
606,10026,88,5/30/2010 12:00:00 AM,5/30/2015 12:00:00 AM,Monthly,600
607,10039,92,6/1/2010 12:00:00 AM,6/1/2015 12:00:00 AM,Monthly,30000
608,10049,90,5/1/2010 12:00:00 AM,5/1/2015 12:00:00 AM,Monthly,9000
609,10057,2,5/9/2010 12:00:00 AM,5/9/2015 12:00:00 AM,Monthly,2400
1077,10078,127,5/1/2016 12:00:00 AM,4/28/2019 12:00:00 AM,OneTime,9000
610,19773,2,2/28/2012 12:00:00 AM,2/28/2012 12:00:00 AM,OneTime,1
611,10089,2,5/1/2010 12:00:00 AM,5/1/2015 12:00:00 AM,Monthly,12000
612,10090,92,5/16/2010 12:00:00 AM,5/16/2015 12:00:00 AM,Monthly,3000
613,10094,2,5/1/2010 12:00:00 AM,5/1/2015 12:00:00 AM,Monthly,12000
614,10102,88,5/15/2010 12:00:00 AM,5/15/2015 12:00:00 AM,Monthly,4800
834,10102,118,11/15/2015 12:00:00 AM,11/1/2020 12:00:00 AM,Monthly,6000
615,10111,2,5/16/2010 12:00:00 AM,5/10/2015 12:00:00 AM,Weekly,2600
616,10119,2,5/5/2011 12:00:00 AM,5/5/2011 12:00:00 AM,OneTime,1
617,10125,92,2/28/2012 12:00:00 AM,2/28/2012 12:00:00 AM,OneTime,1
925,10140,118,11/15/2015 12:00:00 AM,11/1/2020 12:00:00 AM,OneTime,4600
619,10154,2,5/5/2010 12:00:00 AM,5/5/2015 12:00:00 AM,Monthly,10000
620,10161,2,5/9/2010 12:00:00 AM,5/9/2015 12:00:00 AM,Monthly,3000
621,10162,2,6/1/2010 12:00:00 AM,6/1/2015 12:00:00 AM,Monthly,6000
622,10164,92,5/10/2010 12:00:00 AM,5/4/2015 12:00:00 AM,Weekly,13000
623,10165,2,5/16/2010 12:00:00 AM,5/16/2015 12:00:00 AM,Monthly,15000
1107,10165,127,5/1/2016 12:00:00 AM,4/28/2019 12:00:00 AM,Monthly,3600
624,10169,2,5/16/2010 12:00:00 AM,5/16/2015 12:00:00 AM,Monthly,1800
625,10170,88,5/30/2010 12:00:00 AM,5/30/2010 12:00:00 AM,OneTime,40
627,10172,90,5/1/2010 12:00:00 AM,5/1/2015 12:00:00 AM,Yearly,5000
628,10178,92,5/16/2010 12:00:00 AM,5/10/2015 12:00:00 AM,Weekly,5200
629,10179,92,5/23/2010 12:00:00 AM,5/23/2015 12:00:00 AM,Monthly,2400
630,10183,92,5/1/2010 12:00:00 AM,4/25/2015 12:00:00 AM,Weekly,1300
631,10184,92,5/10/2010 12:00:00 AM,8/10/2010 12:00:00 AM,Monthly,150
632,10186,2,5/30/2010 12:00:00 AM,5/30/2015 12:00:00 AM,Monthly,1800
633,10187,88,5/9/2010 12:00:00 AM,5/9/2010 12:00:00 AM,OneTime,100
899,10187,118,12/1/2015 12:00:00 AM,11/30/2020 12:00:00 AM,Monthly,12000
5,10189,81,12/2/2007 12:00:00 AM,12/2/2012 12:00:00 AM,Monthly,3000
894,10189,118,11/15/2015 12:00:00 AM,11/1/2020 12:00:00 AM,Monthly,6000
634,10190,2,5/16/2010 12:00:00 AM,5/10/2015 12:00:00 AM,Weekly,10400
635,10194,2,5/9/2010 12:00:00 AM,5/3/2015 12:00:00 AM,Weekly,13000
636,10195,2,5/10/2010 12:00:00 AM,5/10/2010 12:00:00 AM,OneTime,40
637,10198,2,5/16/2010 12:00:00 AM,5/16/2015 12:00:00 AM,Monthly,3000
638,10201,2,5/23/2010 12:00:00 AM,5/23/2015 12:00:00 AM,Monthly,1800
639,10202,92,5/14/2010 12:00:00 AM,5/14/2011 12:00:00 AM,Yearly,7500
641,10206,92,5/1/2010 12:00:00 AM,5/1/2015 12:00:00 AM,Monthly,4800
642,10209,2,5/1/2010 12:00:00 AM,4/25/2015 12:00:00 AM,Weekly,5200
643,10212,2,5/1/2010 12:00:00 AM,5/1/2010 12:00:00 AM,OneTime,300
644,10220,2,2/28/2012 12:00:00 AM,2/28/2012 12:00:00 AM,OneTime,1
645,10222,2,2/28/2012 12:00:00 AM,2/28/2012 12:00:00 AM,OneTime,1
817,10222,118,12/1/2015 12:00:00 AM,11/30/2020 12:00:00 AM,Monthly,6000
1173,10224,85,3/1/2017 12:00:00 AM,3/1/2017 12:00:00 AM,Monthly,200
956,10224,118,11/15/2015 12:00:00 AM,11/1/2020 12:00:00 AM,OneTime,3000
646,10229,2,5/19/2010 12:00:00 AM,5/19/2010 12:00:00 AM,OneTime,1000
647,10238,2,5/9/2010 12:00:00 AM,5/3/2015 12:00:00 AM,Weekly,6500
1073,10251,127,4/24/2016 12:00:00 AM,4/21/2019 12:00:00 AM,Monthly,14060
648,20491,2,2/28/2012 12:00:00 AM,2/28/2012 12:00:00 AM,OneTime,1
1099,10257,127,5/1/2016 12:00:00 AM,4/21/2019 12:00:00 AM,Monthly,720
649,10258,92,5/1/2010 12:00:00 AM,5/1/2010 12:00:00 AM,OneTime,80
889,10259,118,11/15/2015 12:00:00 AM,11/1/2020 12:00:00 AM,Monthly,3000
96,10266,2,2/28/2012 12:00:00 AM,2/28/2012 12:00:00 AM,OneTime,1
650,10267,2,5/1/2010 12:00:00 AM,5/1/2015 12:00:00 AM,Monthly,3000
651,10271,88,5/16/2010 12:00:00 AM,5/10/2015 12:00:00 AM,Weekly,13000
797,10271,118,12/1/2015 12:00:00 AM,11/28/2020 12:00:00 AM,Weekly,6200
652,10280,92,2/28/2012 12:00:00 AM,2/28/2012 12:00:00 AM,OneTime,1
653,10281,2,5/1/2010 12:00:00 AM,5/1/2015 12:00:00 AM,Yearly,10000
654,10285,81,12/2/2007 12:00:00 AM,11/25/2012 12:00:00 AM,Weekly,5200
655,10285,88,6/1/2010 12:00:00 AM,6/1/2015 12:00:00 AM,Monthly,3000
938,10285,118,11/15/2015 12:00:00 AM,11/1/2020 12:00:00 AM,OneTime,100
656,10288,2,5/1/2010 12:00:00 AM,5/1/2015 12:00:00 AM,Monthly,2000
658,10299,2,2/28/2012 12:00:00 AM,2/28/2012 12:00:00 AM,OneTime,1
659,10302,92,2/28/2012 12:00:00 AM,2/28/2012 12:00:00 AM,OneTime,1
660,10303,2,5/5/2011 12:00:00 AM,5/5/2011 12:00:00 AM,OneTime,1
1008,10303,118,1/1/2016 12:00:00 AM,12/31/2020 12:00:00 AM,OneTime,10000
973,10318,118,11/1/2015 12:00:00 AM,12/31/2016 12:00:00 AM,OneTime,500
861,10321,118,11/15/2015 12:00:00 AM,11/1/2020 12:00:00 AM,Monthly,1200
823,10329,118,12/1/2015 12:00:00 AM,12/1/2020 12:00:00 AM,Monthly,4500
929,10340,118,11/15/2015 12:00:00 AM,11/1/2020 12:00:00 AM,BiWeekly,3250
1044,10343,127,4/10/2016 12:00:00 AM,3/31/2019 12:00:00 AM,BiWeekly,10800
430,10358,2,5/1/2010 12:00:00 AM,3/1/2011 12:00:00 AM,Monthly,1500
661,10369,2,5/1/2010 12:00:00 AM,5/1/2010 12:00:00 AM,OneTime,1
662,10383,2,1/12/2012 12:00:00 AM,1/12/2012 12:00:00 AM,OneTime,1
815,10385,118,11/15/2015 12:00:00 AM,11/1/2020 12:00:00 AM,Monthly,600
663,10402,88,5/5/2011 12:00:00 AM,5/5/2011 12:00:00 AM,OneTime,1
1159,10406,121,5/21/2016 12:00:00 AM,5/21/2016 12:00:00 AM,OneTime,50
664,10417,2,8/30/2012 12:00:00 AM,8/30/2012 12:00:00 AM,OneTime,1
665,10422,92,1/12/2012 12:00:00 AM,1/12/2012 12:00:00 AM,OneTime,1
97,10431,81,5/7/2006 12:00:00 AM,5/7/2011 12:00:00 AM,Monthly,3000
666,10433,2,2/28/2012 12:00:00 AM,2/28/2012 12:00:00 AM,OneTime,1
1138,10439,127,5/1/2016 12:00:00 AM,4/28/2019 12:00:00 AM,Monthly,900
1074,10494,127,5/1/2016 12:00:00 AM,4/28/2019 12:00:00 AM,Monthly,12000
1101,10511,127,5/1/2016 12:00:00 AM,4/28/2019 12:00:00 AM,Monthly,1800
667,10515,92,2/28/2012 12:00:00 AM,2/28/2012 12:00:00 AM,OneTime,1
668,10520,90,1/12/2012 12:00:00 AM,1/12/2012 12:00:00 AM,OneTime,1
669,10533,2,5/5/2011 12:00:00 AM,5/5/2011 12:00:00 AM,OneTime,1
909,10549,118,11/15/2015 12:00:00 AM,11/1/2020 12:00:00 AM,Monthly,1430
670,10558,88,1/12/2012 12:00:00 AM,1/12/2012 12:00:00 AM,OneTime,1
765,10558,118,2/1/2016 12:00:00 AM,2/1/2021 12:00:00 AM,Yearly,12000
1087,10586,127,5/1/2016 12:00:00 AM,4/21/2019 12:00:00 AM,OneTime,5000
672,10665,92,2/28/2012 12:00:00 AM,2/28/2012 12:00:00 AM,OneTime,1
94,10674,81,12/5/2007 12:00:00 AM,12/5/2012 12:00:00 AM,Yearly,5000
99,10714,2,5/1/2010 12:00:00 AM,5/1/2015 12:00:00 AM,Monthly,6000
98,10714,81,5/15/2006 12:00:00 AM,5/15/2011 12:00:00 AM,Monthly,6000
100,10716,81,5/1/2006 12:00:00 AM,5/1/2011 12:00:00 AM,Monthly,3000
988,10723,118,12/1/2015 12:00:00 AM,11/30/2020 12:00:00 AM,Monthly,1200
673,10762,92,1/12/2012 12:00:00 AM,1/12/2012 12:00:00 AM,OneTime,1
980,10762,118,12/1/2015 12:00:00 AM,11/29/2020 12:00:00 AM,Monthly,15600
934,10773,118,1/1/2016 12:00:00 AM,12/31/2020 12:00:00 AM,Yearly,5000
674,10882,2,5/1/2010 12:00:00 AM,5/1/2010 12:00:00 AM,OneTime,1
1109,10891,127,5/1/2016 12:00:00 AM,4/28/2019 12:00:00 AM,Monthly,7200
1174,10907,13,4/5/2017 12:00:00 AM,4/5/2017 12:00:00 AM,OneTime,3
756,10907,118,1/1/2016 12:00:00 AM,12/31/2020 12:00:00 AM,Monthly,5000
101,10908,81,5/1/2006 12:00:00 AM,5/1/2011 12:00:00 AM,Monthly,9000
1148,10917,127,6/1/2016 12:00:00 AM,5/31/2019 12:00:00 AM,Yearly,3000
675,10935,92,8/30/2012 12:00:00 AM,8/30/2012 12:00:00 AM,OneTime,1
906,10939,118,11/15/2015 12:00:00 AM,11/1/2020 12:00:00 AM,Monthly,12300
102,11047,81,4/30/2006 12:00:00 AM,4/30/2006 12:00:00 AM,OneTime,25
676,11074,2,5/1/2010 12:00:00 AM,5/1/2010 12:00:00 AM,OneTime,1
677,11107,2,1/12/2012 12:00:00 AM,1/12/2012 12:00:00 AM,OneTime,1
86,11199,81,4/30/2006 12:00:00 AM,4/30/2011 12:00:00 AM,Monthly,1200
87,11199,92,6/1/2010 12:00:00 AM,6/1/2015 12:00:00 AM,Monthly,3000
31,11207,81,5/7/2006 12:00:00 AM,5/7/2011 12:00:00 AM,Monthly,3000
678,11229,2,5/1/2010 12:00:00 AM,5/1/2015 12:00:00 AM,Monthly,1500
103,11248,81,4/30/2006 12:00:00 AM,4/30/2011 12:00:00 AM,Monthly,3000
104,11263,81,12/5/2007 12:00:00 AM,11/28/2012 12:00:00 AM,Weekly,6500
105,11279,81,4/30/2006 12:00:00 AM,4/24/2011 12:00:00 AM,Weekly,5200
912,11302,118,11/15/2015 12:00:00 AM,11/15/2016 12:00:00 AM,Monthly,1200
679,11327,88,5/1/2010 12:00:00 AM,5/1/2010 12:00:00 AM,OneTime,300000
680,11359,92,1/12/2012 12:00:00 AM,1/12/2012 12:00:00 AM,OneTime,1
770,11363,118,11/15/2015 12:00:00 AM,11/1/2020 12:00:00 AM,OneTime,5000
1063,11379,86,4/6/2016 12:00:00 AM,4/6/2017 12:00:00 AM,TwiceAMonth,6000
760,11407,118,11/15/2015 12:00:00 AM,11/1/2020 12:00:00 AM,Monthly,18000
681,11425,2,1/12/2012 12:00:00 AM,1/12/2012 12:00:00 AM,OneTime,1
682,11434,92,1/12/2012 12:00:00 AM,1/12/2012 12:00:00 AM,OneTime,1
1049,19829,127,5/1/2016 12:00:00 AM,4/28/2019 12:00:00 AM,OneTime,50000
106,11480,2,5/1/2010 12:00:00 AM,5/1/2015 12:00:00 AM,Monthly,8100
683,11516,2,5/10/2010 12:00:00 AM,5/10/2015 12:00:00 AM,Monthly,600
107,11533,81,4/30/2006 12:00:00 AM,4/24/2011 12:00:00 AM,Weekly,2600
108,11533,90,5/1/2010 12:00:00 AM,5/1/2015 12:00:00 AM,Monthly,27700
684,11541,2,5/5/2010 12:00:00 AM,5/5/2010 12:00:00 AM,OneTime,1
1059,11541,127,4/3/2016 12:00:00 AM,4/28/2019 12:00:00 AM,OneTime,60000
110,11562,2,5/1/2010 12:00:00 AM,5/1/2015 12:00:00 AM,Monthly,10500
109,11562,81,6/1/2006 12:00:00 AM,6/1/2011 12:00:00 AM,Monthly,7500
685,11612,89,1/12/2012 12:00:00 AM,1/12/2012 12:00:00 AM,OneTime,1
1039,11612,127,5/1/2016 12:00:00 AM,4/30/2019 12:00:00 AM,OneTime,5000
686,11614,2,2/28/2012 12:00:00 AM,2/28/2012 12:00:00 AM,OneTime,1
111,11620,81,5/1/2006 12:00:00 AM,5/1/2011 12:00:00 AM,Monthly,3000
810,11621,118,11/15/2015 12:00:00 AM,11/1/2020 12:00:00 AM,Weekly,15600
687,11635,92,2/28/2012 12:00:00 AM,2/28/2012 12:00:00 AM,OneTime,1
32,11641,81,4/30/2006 12:00:00 AM,4/30/2006 12:00:00 AM,OneTime,25
112,11657,81,4/30/2006 12:00:00 AM,4/30/2011 12:00:00 AM,Monthly,600
113,11691,81,4/30/2006 12:00:00 AM,4/24/2011 12:00:00 AM,Weekly,2600
114,11691,92,5/1/2010 12:00:00 AM,4/25/2015 12:00:00 AM,Weekly,2600
688,11708,2,2/28/2012 12:00:00 AM,2/28/2012 12:00:00 AM,OneTime,1
1161,11708,91,8/23/2016 12:00:00 AM,12/23/2016 12:00:00 AM,Monthly,400
115,11763,92,5/1/2010 12:00:00 AM,5/1/2010 12:00:00 AM,OneTime,650
116,11780,81,4/30/2006 12:00:00 AM,4/30/2011 12:00:00 AM,Yearly,2500
689,11807,2,2/28/2012 12:00:00 AM,2/28/2012 12:00:00 AM,OneTime,1
1060,11818,127,4/1/2016 12:00:00 AM,4/28/2019 12:00:00 AM,OneTime,1560
690,11884,2,2/28/2012 12:00:00 AM,2/28/2012 12:00:00 AM,OneTime,1
691,11900,81,5/7/2006 12:00:00 AM,5/7/2011 12:00:00 AM,Monthly,3000
692,11937,92,5/9/2010 12:00:00 AM,5/9/2015 12:00:00 AM,Monthly,660
117,11949,81,5/1/2006 12:00:00 AM,5/1/2011 12:00:00 AM,Yearly,1000
1052,11955,127,5/8/2016 12:00:00 AM,4/28/2019 12:00:00 AM,Monthly,3600
1122,12013,127,5/7/2016 12:00:00 AM,4/28/2019 12:00:00 AM,Weekly,780
693,12046,2,2/28/2012 12:00:00 AM,2/28/2012 12:00:00 AM,OneTime,1
694,12056,2,2/28/2012 12:00:00 AM,2/28/2012 12:00:00 AM,OneTime,1
118,12057,81,1/1/2008 12:00:00 AM,12/25/2012 12:00:00 AM,Weekly,6500
695,12080,92,1/12/2012 12:00:00 AM,1/12/2012 12:00:00 AM,OneTime,1
696,12089,2,5/1/2010 12:00:00 AM,5/1/2010 12:00:00 AM,OneTime,1
697,12127,2,2/28/2012 12:00:00 AM,2/28/2012 12:00:00 AM,OneTime,1
698,12154,92,8/30/2012 12:00:00 AM,8/30/2012 12:00:00 AM,OneTime,1
699,12159,90,5/16/2010 12:00:00 AM,5/10/2015 12:00:00 AM,Weekly,5220
700,12166,81,4/30/2006 12:00:00 AM,4/24/2011 12:00:00 AM,Weekly,2600
701,12166,92,2/28/2012 12:00:00 AM,2/28/2012 12:00:00 AM,OneTime,1
771,12195,118,11/15/2015 12:00:00 AM,11/1/2020 12:00:00 AM,Monthly,6000
119,12202,81,11/11/2007 12:00:00 AM,11/11/2012 12:00:00 AM,Monthly,3000
120,12202,92,5/1/2010 12:00:00 AM,5/1/2015 12:00:00 AM,Monthly,1500
930,12228,118,11/15/2015 12:00:00 AM,11/1/2020 12:00:00 AM,BiWeekly,1300
121,19997,2,5/5/2011 12:00:00 AM,5/5/2011 12:00:00 AM,OneTime,1
122,19997,81,12/1/2007 12:00:00 AM,12/1/2012 12:00:00 AM,Monthly,1500
704,12331,88,2/28/2012 12:00:00 AM,2/28/2012 12:00:00 AM,OneTime,1
816,12340,118,11/15/2015 12:00:00 AM,11/1/2020 12:00:00 AM,Monthly,27600
1164,12347,91,10/14/2016 12:00:00 AM,10/14/2017 12:00:00 AM,Monthly,1200
705,12348,81,2/1/2006 12:00:00 AM,2/1/2011 12:00:00 AM,Yearly,7500
706,12353,2,2/28/2012 12:00:00 AM,2/28/2012 12:00:00 AM,OneTime,1
707,12383,92,5/5/2011 12:00:00 AM,5/5/2011 12:00:00 AM,OneTime,1
708,12396,81,4/30/2006 12:00:00 AM,4/30/2011 12:00:00 AM,Monthly,3000
123,12398,81,4/30/2006 12:00:00 AM,4/30/2011 12:00:00 AM,Monthly,3000
709,12399,2,2/28/2012 12:00:00 AM,2/28/2012 12:00:00 AM,OneTime,1
1050,12429,127,5/1/2016 12:00:00 AM,4/28/2019 12:00:00 AM,OneTime,15000
125,12435,2,5/1/2010 12:00:00 AM,5/1/2015 12:00:00 AM,Monthly,6000
124,12435,81,5/7/2006 12:00:00 AM,5/7/2011 12:00:00 AM,Monthly,1800
762,12435,118,12/1/2015 12:00:00 AM,11/30/2020 12:00:00 AM,Monthly,12000
710,12445,92,1/12/2012 12:00:00 AM,1/12/2012 12:00:00 AM,OneTime,1
751,12446,90,5/5/2010 12:00:00 AM,5/5/2010 12:00:00 AM,OneTime,1
712,12466,2,2/28/2012 12:00:00 AM,2/28/2012 12:00:00 AM,OneTime,1
713,12467,92,2/28/2012 12:00:00 AM,2/28/2012 12:00:00 AM,OneTime,1
126,12590,81,4/30/2006 12:00:00 AM,4/30/2011 12:00:00 AM,Monthly,300
714,12592,92,2/28/2012 12:00:00 AM,2/28/2012 12:00:00 AM,OneTime,1
1155,12601,127,5/8/2016 12:00:00 AM,4/28/2019 12:00:00 AM,Monthly,8100
715,12656,92,2/28/2012 12:00:00 AM,2/28/2012 12:00:00 AM,OneTime,1
716,12683,92,2/28/2012 12:00:00 AM,2/28/2012 12:00:00 AM,OneTime,1
717,12688,2,5/5/2011 12:00:00 AM,5/5/2011 12:00:00 AM,OneTime,1
1041,12704,127,5/1/2016 12:00:00 AM,4/30/2019 12:00:00 AM,Monthly,720
1120,12767,127,5/1/2016 12:00:00 AM,4/21/2019 12:00:00 AM,Monthly,720
718,12800,92,5/1/2010 12:00:00 AM,5/1/2010 12:00:00 AM,OneTime,1
127,12828,81,12/1/2006 12:00:00 AM,12/1/2011 12:00:00 AM,Monthly,3000
128,12828,92,5/30/2010 12:00:00 AM,5/30/2015 12:00:00 AM,Monthly,3200
719,12837,88,5/5/2011 12:00:00 AM,5/5/2011 12:00:00 AM,OneTime,1
917,12837,118,11/15/2015 12:00:00 AM,11/1/2020 12:00:00 AM,OneTime,1000
1175,12088,118,11/15/2015 12:00:00 AM,12/31/2017 12:00:00 AM,OneTime,1000
720,12839,2,5/5/2010 12:00:00 AM,5/5/2010 12:00:00 AM,OneTime,1
129,12856,81,11/18/2007 12:00:00 AM,11/11/2012 12:00:00 AM,Weekly,2600
1068,12870,127,5/1/2016 12:00:00 AM,4/21/2019 12:00:00 AM,Monthly,9000
130,12886,81,7/8/2006 12:00:00 AM,7/2/2011 12:00:00 AM,Weekly,3499.6
721,12892,2,1/12/2012 12:00:00 AM,1/12/2012 12:00:00 AM,OneTime,1
722,12957,2,1/12/2012 12:00:00 AM,1/12/2012 12:00:00 AM,OneTime,1
1035,12985,127,5/1/2016 12:00:00 AM,4/30/2019 12:00:00 AM,OneTime,12000
1112,12991,127,2/5/2017 12:00:00 AM,1/26/2020 12:00:00 AM,Weekly,7800
723,13009,92,2/28/2012 12:00:00 AM,2/28/2012 12:00:00 AM,OneTime,1
724,13033,2,1/12/2012 12:00:00 AM,1/12/2012 12:00:00 AM,OneTime,1
1051,13074,127,5/1/2016 12:00:00 AM,4/28/2019 12:00:00 AM,OneTime,7500
768,13078,118,11/15/2015 12:00:00 AM,11/1/2020 12:00:00 AM,Yearly,500000
1152,13085,127,5/15/2016 12:00:00 AM,5/5/2019 12:00:00 AM,Weekly,3900
805,13123,118,11/15/2015 12:00:00 AM,11/1/2020 12:00:00 AM,Weekly,7800
763,13197,118,11/15/2015 12:00:00 AM,11/1/2020 12:00:00 AM,Monthly,30000
725,13198,92,5/1/2010 12:00:00 AM,5/1/2010 12:00:00 AM,OneTime,1
726,13199,2,5/1/2010 12:00:00 AM,5/1/2010 12:00:00 AM,OneTime,1
727,13215,81,5/14/2006 12:00:00 AM,5/14/2011 12:00:00 AM,Monthly,2400
901,13229,118,12/1/2015 12:00:00 AM,11/30/2020 12:00:00 AM,Monthly,400
959,13243,118,11/15/2015 12:00:00 AM,11/1/2020 12:00:00 AM,Yearly,2500
842,13254,118,12/1/2015 12:00:00 AM,11/30/2020 12:00:00 AM,Monthly,3000
1150,13291,127,5/8/2016 12:00:00 AM,4/28/2019 12:00:00 AM,Weekly,6240
131,13308,81,4/30/2006 12:00:00 AM,4/30/2011 12:00:00 AM,Monthly,3000
1079,13342,127,5/1/2016 12:00:00 AM,4/28/2019 12:00:00 AM,Monthly,1800
729,13353,2,2/28/2012 12:00:00 AM,2/28/2012 12:00:00 AM,OneTime,1
730,13374,88,5/5/2011 12:00:00 AM,5/5/2011 12:00:00 AM,OneTime,1
731,13398,92,8/30/2012 12:00:00 AM,8/30/2012 12:00:00 AM,OneTime,1
732,13411,2,2/28/2012 12:00:00 AM,2/28/2012 12:00:00 AM,OneTime,1
733,13421,2,1/12/2012 12:00:00 AM,1/12/2012 12:00:00 AM,OneTime,1
875,13456,118,11/15/2015 12:00:00 AM,11/1/2020 12:00:00 AM,Monthly,1200
870,13457,118,11/15/2015 12:00:00 AM,11/1/2020 12:00:00 AM,Monthly,3000
734,13485,2,1/12/2012 12:00:00 AM,1/12/2012 12:00:00 AM,OneTime,1
970,13487,118,1/1/2016 12:00:00 AM,12/31/2020 12:00:00 AM,OneTime,125000
6,13518,81,6/1/2006 12:00:00 AM,6/1/2011 12:00:00 AM,Monthly,3000
1011,13533,118,11/1/2015 12:00:00 AM,12/31/2020 12:00:00 AM,OneTime,75000
735,13569,2,1/12/2012 12:00:00 AM,1/12/2012 12:00:00 AM,OneTime,1
752,13587,92,6/1/2010 12:00:00 AM,6/1/2015 12:00:00 AM,Monthly,1200
132,13602,2,5/1/2010 12:00:00 AM,5/1/2015 12:00:00 AM,Monthly,9000
893,13602,118,12/1/2015 12:00:00 AM,11/30/2020 12:00:00 AM,Monthly,6000
133,13618,81,4/30/2006 12:00:00 AM,4/24/2011 12:00:00 AM,Weekly,6200.01
737,13711,2,2/28/2012 12:00:00 AM,2/28/2012 12:00:00 AM,OneTime,1
146,13881,81,5/1/2006 12:00:00 AM,5/1/2011 12:00:00 AM,Monthly,4800
147,13881,88,5/1/2010 12:00:00 AM,11/1/2013 12:00:00 AM,Monthly,3360
35,13882,2,5/1/2010 12:00:00 AM,5/1/2015 12:00:00 AM,Monthly,3600
34,13882,81,5/1/2006 12:00:00 AM,5/1/2011 12:00:00 AM,Monthly,3600
738,13897,92,2/28/2012 12:00:00 AM,2/28/2012 12:00:00 AM,OneTime,1
618,14093,2,6/1/2010 12:00:00 AM,6/1/2010 12:00:00 AM,OneTime,2000
134,14145,81,4/28/2006 12:00:00 AM,4/28/2011 12:00:00 AM,Monthly,9000
135,14173,81,5/7/2006 12:00:00 AM,5/7/2011 12:00:00 AM,Monthly,3000
136,14173,88,5/10/2010 12:00:00 AM,5/10/2015 12:00:00 AM,Monthly,4500
857,14173,118,12/1/2015 12:00:00 AM,11/30/2020 12:00:00 AM,Monthly,6000
137,14184,2,5/16/2010 12:00:00 AM,5/10/2015 12:00:00 AM,Weekly,2600
918,14194,118,2/1/2016 12:00:00 AM,2/5/2017 12:00:00 AM,OneTime,2028
1134,14208,127,6/5/2016 12:00:00 AM,5/31/2019 12:00:00 AM,Monthly,2340
879,14289,118,11/15/2015 12:00:00 AM,11/1/2020 12:00:00 AM,Monthly,3600
138,14320,81,4/30/2006 12:00:00 AM,4/30/2011 12:00:00 AM,Monthly,10500
833,14366,118,11/15/2015 12:00:00 AM,11/1/2020 12:00:00 AM,Monthly,3000
140,14394,81,6/3/2006 12:00:00 AM,6/3/2011 12:00:00 AM,Monthly,5400
139,14394,90,5/8/2010 12:00:00 AM,5/8/2010 12:00:00 AM,OneTime,2000
739,14442,89,2/28/2012 12:00:00 AM,2/28/2012 12:00:00 AM,OneTime,1
977,14512,118,1/1/2016 12:00:00 AM,12/31/2020 12:00:00 AM,OneTime,1000
982,14525,118,11/15/2015 12:00:00 AM,10/31/2018 12:00:00 AM,Yearly,1560
940,14544,118,11/15/2015 12:00:00 AM,11/1/2020 12:00:00 AM,OneTime,2000
803,14610,118,11/15/2015 12:00:00 AM,11/1/2020 12:00:00 AM,Weekly,6500
38,14660,81,5/1/2006 12:00:00 AM,5/1/2011 12:00:00 AM,Monthly,3000
39,14660,92,5/1/2010 12:00:00 AM,5/1/2015 12:00:00 AM,Monthly,5050.2
865,14685,118,11/15/2015 12:00:00 AM,11/1/2020 12:00:00 AM,Monthly,3000
740,14687,92,2/28/2012 12:00:00 AM,2/28/2012 12:00:00 AM,OneTime,1
141,14688,81,12/31/2006 12:00:00 AM,12/31/2006 12:00:00 AM,OneTime,300
142,14688,88,5/1/2010 12:00:00 AM,5/1/2015 12:00:00 AM,Monthly,12000
773,14688,118,11/15/2015 12:00:00 AM,11/1/2020 12:00:00 AM,Monthly,9000
741,14689,2,2/28/2012 12:00:00 AM,2/28/2012 12:00:00 AM,OneTime,1
931,14773,118,12/1/2015 12:00:00 AM,11/30/2020 12:00:00 AM,Monthly,6000
742,14807,92,2/28/2012 12:00:00 AM,2/28/2012 12:00:00 AM,OneTime,1
743,14808,92,2/28/2012 12:00:00 AM,2/28/2012 12:00:00 AM,OneTime,1
744,14818,2,2/28/2012 12:00:00 AM,2/28/2012 12:00:00 AM,OneTime,1
745,14819,2,2/28/2012 12:00:00 AM,2/28/2012 12:00:00 AM,OneTime,1
746,14825,2,2/28/2012 12:00:00 AM,2/28/2012 12:00:00 AM,OneTime,1
747,14831,2,8/30/2012 12:00:00 AM,8/30/2012 12:00:00 AM,OneTime,1
40,14855,81,12/2/2007 12:00:00 AM,12/2/2012 12:00:00 AM,Monthly,1800
41,14855,88,5/1/2010 12:00:00 AM,5/1/2015 12:00:00 AM,Monthly,3000
1017,14855,118,1/1/2016 12:00:00 AM,12/31/2020 12:00:00 AM,Monthly,6000
849,14860,118,12/1/2015 12:00:00 AM,11/30/2020 12:00:00 AM,Monthly,4980
848,14862,118,11/15/2015 12:00:00 AM,11/1/2020 12:00:00 AM,Monthly,3000
43,15021,2,5/1/2010 12:00:00 AM,5/1/2015 12:00:00 AM,Monthly,4800
42,15021,81,8/1/2006 12:00:00 AM,8/1/2011 12:00:00 AM,Monthly,5800
782,15065,118,11/22/2015 12:00:00 AM,11/8/2020 12:00:00 AM,Weekly,1300
1015,15165,118,11/29/2015 12:00:00 AM,12/31/2020 12:00:00 AM,OneTime,1500
143,15193,81,5/1/2006 12:00:00 AM,5/1/2011 12:00:00 AM,Monthly,9000
144,15193,92,5/1/2010 12:00:00 AM,5/1/2015 12:00:00 AM,Monthly,9000
45,15207,2,5/1/2010 12:00:00 AM,5/1/2015 12:00:00 AM,Monthly,3900
44,15207,81,4/30/2006 12:00:00 AM,4/24/2011 12:00:00 AM,Weekly,7800
145,15261,81,8/1/2006 12:00:00 AM,8/1/2011 12:00:00 AM,Monthly,12000
812,15296,118,3/1/2016 12:00:00 AM,2/28/2021 12:00:00 AM,Monthly,3900
874,15316,118,11/15/2015 12:00:00 AM,11/1/2020 12:00:00 AM,Monthly,30000
149,15358,2,6/1/2010 12:00:00 AM,6/1/2015 12:00:00 AM,Monthly,3000
148,15358,81,6/15/2006 12:00:00 AM,6/15/2011 12:00:00 AM,Monthly,900
1167,15362,91,12/20/2016 12:00:00 AM,12/20/2017 12:00:00 AM,Monthly,300
831,15390,118,11/15/2015 12:00:00 AM,11/1/2020 12:00:00 AM,Monthly,15000
999,15418,118,1/1/2016 12:00:00 AM,12/31/2020 12:00:00 AM,Yearly,7500
46,15435,81,5/1/2006 12:00:00 AM,5/1/2011 12:00:00 AM,Monthly,600
1075,15476,127,5/1/2016 12:00:00 AM,4/28/2019 12:00:00 AM,OneTime,2400
1088,15478,127,5/1/2016 12:00:00 AM,4/21/2019 12:00:00 AM,OneTime,800
150,15565,81,11/25/2007 12:00:00 AM,11/25/2012 12:00:00 AM,Monthly,1500
1128,15576,127,5/8/2016 12:00:00 AM,4/28/2019 12:00:00 AM,Weekly,3900
151,15583,81,5/1/2006 12:00:00 AM,5/1/2011 12:00:00 AM,Monthly,4200
152,15641,81,5/1/2006 12:00:00 AM,5/1/2011 12:00:00 AM,Monthly,12000
153,15680,81,5/1/2006 12:00:00 AM,5/1/2011 12:00:00 AM,Monthly,3000
7,15707,81,5/21/2006 12:00:00 AM,5/21/2011 12:00:00 AM,Monthly,4200
1038,15749,127,6/1/2016 12:00:00 AM,5/31/2019 12:00:00 AM,Monthly,9000
1142,15757,127,5/1/2016 12:00:00 AM,4/21/2019 12:00:00 AM,OneTime,20000
818,15783,118,12/1/2015 12:00:00 AM,11/30/2020 12:00:00 AM,Monthly,4500
1064,15846,127,5/1/2016 12:00:00 AM,4/28/2019 12:00:00 AM,Monthly,10200
47,15880,81,4/23/2006 12:00:00 AM,4/17/2011 12:00:00 AM,Weekly,9620
1031,15954,91,8/9/2015 12:00:00 AM,12/27/2015 12:00:00 AM,Weekly,735
965,15974,118,11/15/2015 12:00:00 AM,11/1/2020 12:00:00 AM,OneTime,25000
155,15992,81,7/1/2006 12:00:00 AM,7/1/2011 12:00:00 AM,Monthly,3000
154,15992,90,5/5/2011 12:00:00 AM,5/5/2011 12:00:00 AM,OneTime,1
157,16017,81,4/30/2006 12:00:00 AM,4/30/2011 12:00:00 AM,Monthly,3000
159,16101,2,5/9/2010 12:00:00 AM,5/9/2015 12:00:00 AM,Monthly,6000
158,16101,81,5/1/2006 12:00:00 AM,5/1/2011 12:00:00 AM,Monthly,900
160,16101,81,5/14/2006 12:00:00 AM,7/8/2007 12:00:00 AM,Weekly,2400
892,16214,118,1/1/2016 12:00:00 AM,12/31/2020 12:00:00 AM,Monthly,3000
858,16245,118,12/1/2015 12:00:00 AM,11/30/2020 12:00:00 AM,Monthly,5000
869,16315,118,1/5/2016 12:00:00 AM,12/31/2020 12:00:00 AM,Monthly,3600
48,16380,81,4/30/2006 12:00:00 AM,4/30/2011 12:00:00 AM,Monthly,3000
161,16555,92,5/1/2010 12:00:00 AM,5/1/2015 12:00:00 AM,Monthly,20000
